"x","z","0-0","0-1","0-2","0-3","0-4","0-5"
1.79769141252476,0.906774703480562,0.0856581798734934,0.0895626557849828,0.0518962960379293,0.0894624790736403,0.0851618257068457,0.0947779087611899
1.80018969757523,0.887136939975547,0.0854389415922985,0.0888349818638441,0.053903250558041,0.0897414690290432,0.0843171526227839,0.0939291875930499
1.79846728969957,0.861783581967355,0.0852280505952315,0.0884752464657751,0.0548608723958234,0.0896743722098331,0.0843655505952641,0.0938723377046568
1.79533092993971,0.826783252029521,0.0849869605654501,0.0879071265811046,0.0552041666666971,0.0896743722098331,0.0842311058407836,0.094854606119717
1.7850785615945,0.7876679516028,0.0846471772693495,0.0863156482515243,0.0560508835565515,0.0897355212983872,0.084195856584824,0.0939420851934207
1.76875135390367,0.741079537942928,0.0842373953683125,0.0851220563615988,0.0577419921874845,0.0897026715959996,0.0846318940662121,0.0949505045573448
1.75092013309923,0.694743011736719,0.0838717122395875,0.0833795828683156,0.0592126581101265,0.0896465727306607,0.0841098098028124,0.093981238374191
1.73701551187646,0.644842198220283,0.0835017299106726,0.0808895507812406,0.0635830891927326,0.089604373604908,0.0851628278459828,0.0938958379835898
1.72648116201699,0.588793417683917,0.0828693080357316,0.0808895507812406,0.067565201822931,0.0895309733072853,0.0841536574590713,0.0949817057291963
1.71606903206523,0.533497252038638,0.0810738862536997,0.0782248790922839,0.06953658621653,0.0895568731398685,0.085186077008934,0.093902787853353
1.70715910666581,0.471677736579166,0.0791309779575594,0.0718102655320164,0.0705066406250222,0.0895830240885346,0.0842440034412327,0.0948385579425706
1.70457118115859,0.399985350866375,0.0784373697916421,0.0637301106771029,0.0709425734747139,0.0897700195312812,0.0848008370535979,0.0938699381510251
1.70752184327029,0.321885841211399,0.0778449986049235,0.0608488583519515,0.071836432756691,0.0899680129277991,0.0842536039806692,0.0939602841330669
1.71231258063983,0.241228181728784,0.076603152901774,0.0647504115513472,0.0736388369605819,0.0899752139136637,0.0843097028460081,0.0951252487908322
1.72065518722335,0.159778950554513,0.0735332821800674,0.0716216355096542,0.0763314453124918,0.0898915666852354,0.0842931524367785,0.094116329520052
1.72774741645245,0.0806591146125835,0.0653410412016718,0.0775858723958109,0.0788350167410874,0.0896360770089323,0.0842440034412327,0.0952011951265029
1.72730094294647,-0.00433842895517242,0.0603489490327267,0.0819487397693218,0.0807858723958315,0.0891943429129597,0.0850429292224463,0.0941010323660609
1.72149769812565,-0.0795213329062732,0.0591393415178627,0.0845167573474554,0.0823685384114334,0.0883981747581935,0.0840769601004247,0.0939869373139542
1.71028602488146,-0.170282428092497,0.0559925223214379,0.0861028250558249,0.0836053664434334,0.0878560988653253,0.0848785365513703,0.0939382882253129
1.69440050367824,-0.25703608333786,0.0515743722098514,0.0888039597284385,0.0842518298921266,0.0876857607886649,0.0848785365513703,0.0947269670759415
1.67164664365053,-0.345544791892102,0.0534207845052133,0.0892122744605764,0.0845386648995557,0.0879129510788786,0.0838059221540292,0.0932607654388272
1.6472887412419,-0.431022180624151,0.0637075427827679,0.0902575218563766,0.0846469587053814,0.0886789202008707,0.084506154668865,0.0940178478423539
1.62295870827758,-0.498586891338476,0.071094356863833,0.0908143926711227,0.0847416038876626,0.0892113955543024,0.0834212890625326,0.0929226306733411
1.5992238808733,-0.560097534314143,0.0746634905133817,0.0911891741071527,0.0847964494977342,0.0894476841517509,0.0834445382254251,0.0931610700334492
1.57507150747621,-0.61730248851452,0.0777271926153552,0.0925721237909157,0.0848402971539931,0.0895909760974648,0.0833210914248632,0.0944376255580838
1.54541994092645,-0.675272804488592,0.0795516996837638,0.0917144484747198,0.084877194940459,0.0897491699219019,0.0833922363280929,0.0936384486607389
1.51616239555403,-0.735130622224164,0.0810366745721722,0.0919071405320097,0.0849140927269249,0.0897614211309818,0.0839780157179938,0.0946885649180162
1.48616016607144,-0.796525634172731,0.0826219912574175,0.0920413341703713,0.0849416410900258,0.0898052687872408,0.0835731794084871,0.0938380905878642
1.44778930334264,-0.855253669782113,0.0842003580729468,0.0921386300223258,0.0849991373697995,0.0898474679129935,0.084627845982134,0.0938778901599553
1.39425517851981,-0.905063302204695,0.0852084565662096,0.0932234956286272,0.085052585565495,0.0898228213356075,0.0838083217076011,0.0949026088170375
1.33962830702303,-0.943079411207628,0.085666885230638,0.0922153273809724,0.0850964332217539,0.0897796200707177,0.0846892461867482,0.0939339890251931
1.28311663790284,-0.966165483462562,0.0857339820498482,0.0922016787574577,0.0851496303013779,0.0897590215774099,0.0838256231398963,0.0946406691777676
1.23077292039711,-0.972926442532384,0.0856479352678365,0.092212676711329,0.0851496303013779,0.0897261718750222,0.0840981654575719,0.0937367466516522
1.17906335704212,-0.966379691892154,0.0855113420759144,0.0921292805989607,0.0851333310082198,0.0897420758928826,0.0835080868675512,0.09369390113462
1.1314969738828,-0.946742880397832,0.0853196521577502,0.0928913085937373,0.0850964332217539,0.0896560291108709,0.0831991489955228,0.0944206798736163
1.09695291158071,-0.90447179441963,0.0850900623140119,0.0919624883742242,0.0850868326823174,0.089568333798353,0.0829411132812255,0.0932138718377456
1.06490501986032,-0.851106728404182,0.084696330915163,0.0917707984561003,0.0851031319754755,0.08947128906247,0.0824816824776486,0.0934299200147433
1.04344977926466,-0.798730638329203,0.0841082589285942,0.0913094680059456,0.0850429850260585,0.0892639462425572,0.0830616210937089,0.0924379069010204
1.02833244423415,-0.746050517530222,0.0832050502232406,0.0903586146763377,0.0849595889136902,0.0889426130022526,0.0815170735677395,0.0924379069010204
1.0098456857819,-0.687322238582037,0.082132147507447,0.0900081914992712,0.0848227446056264,0.0879604515439181,0.0817900785900168,0.0918117885045034
0.990538200268942,-0.616269598460978,0.0809725516182726,0.0884811593191875,0.0846789504278582,0.0870334937686306,0.0803577287946365,0.0918641973586395
0.980161233997053,-0.542822247841688,0.0797497628348172,0.0871397251673858,0.0845025576636966,0.0861378441220285,0.0809274204799097,0.0901275646391196
0.971366815296351,-0.471894460498401,0.0787135044642693,0.0857174014136628,0.0843424641926816,0.0852224911644403,0.0809274204799097,0.0898470331101443
0.962173528852215,-0.399566474529779,0.0778583310081527,0.0857174014136628,0.0842507207961442,0.0848216657365895,0.079861004929296,0.0889308198474964
0.957284550439672,-0.326750348102923,0.0765592703682655,0.0826718587239428,0.0841124790736755,0.0843964448474655,0.0802245396205608,0.088491338820662
0.96321163767945,-0.253358400093721,0.0759942243303631,0.0776786435081882,0.0838378952753263,0.0838388230097124,0.0805693731398767,0.0896560918898557
0.976034639181137,-0.178811314381787,0.0761500534784317,0.0729121140252968,0.0832417271205309,0.0834769368489539,0.0811547944568136,0.0896587797619214
0.998146935123371,-0.102416056796898,0.076424886067715,0.0707709891182838,0.0825276646205433,0.0838736049107324,0.0821781529017637,0.0910309151785805
1.02749114039517,-0.0233110737756785,0.0764692313058079,0.0697005161830564,0.0818064011346624,0.085116736421145,0.0819565522693664,0.0918224283853992
1.05510723364877,0.0595803978508736,0.0771464006696087,0.0666881022135063,0.0810252418154761,0.0864766183035754,0.0830305640810836,0.0919112699962805
1.07490008431042,0.138760432080733,0.0780863676525468,0.0633327357701118,0.080182287016355,0.0873525297619294,0.08240108119422,0.0930095331101333
1.09153565624134,0.212287254556854,0.0787371023995441,0.0607502720424238,0.0791807431175289,0.0878601074219036,0.0835982886904749,0.0921850632440343
1.10292849285667,0.286147295438934,0.0792901808965627,0.0641344935825874,0.0778597632998386,0.0880148995535432,0.0827167178199586,0.092189362444184
1.10082196996072,0.36053026106891,0.0801641973586355,0.0673303989955514,0.0767260649181573,0.0881248418898752,0.0832364025297566,0.0923068615141187
1.0958413475454,0.433653972010518,0.0813282017299238,0.0712950404575844,0.0761019856771178,0.0881162434895644,0.08281931501117,0.0916403366815815
1.08521565543023,0.510296581212051,0.0824529064360255,0.0771595772879644,0.075937732514853,0.0881231933593575,0.082794668433784,0.0923295712425345
1.06634300123746,0.595565493564754,0.0834594656808233,0.0820038876488055,0.075964274088549,0.088252441406259,0.0828975167410967,0.0914485026041612
1.040827297893,0.675249371841779,0.0841551874069677,0.0851124139695023,0.0759699637276583,0.0882414434523877,0.0829948125929811,0.0916150460379751
1.02028744643395,0.742476132015295,0.0848188104538786,0.0871926269531294,0.0758249116443251,0.0880631510416369,0.0839746814546476,0.0922565290178759
1.00150294748056,0.798997185872302,0.0854979817707934,0.0868048804873288,0.0764344749814335,0.0879095052083607,0.0831800548734951,0.0922565290178759
0.975462197591039,0.851988024640072,0.0859758626301663,0.0872609095981853,0.0766949102492439,0.0877714076450997,0.0841666224888245,0.0917221935454076
0.942466437027841,0.904278621935161,0.0862744489397512,0.0876651390439114,0.0770057500930277,0.0874732166108424,0.0833925944010684,0.092947200520805
0.904935528490195,0.956833731644003,0.0865318382626206,0.0882311104910526,0.0771607956658876,0.0871860235305264,0.084458510044658,0.0922306687128225
0.862473003992859,1.00910449908824,0.0866550339471697,0.0899078473772269,0.0776213774181841,0.087245919363872,0.0837343819754431,0.0925182570684362
0.814201531135118,1.05869699456265,0.08678922758559,0.0893135091145862,0.0783177478609052,0.0874843587239513,0.0838335774739754,0.0936922154019295
0.76175888846816,1.10121492475084,0.0868426757812556,0.089630043247747,0.0791164643787074,0.0877964494977834,0.0839412248884319,0.0932771716889985
0.705215762390527,1.13367390592107,0.0868536737351269,0.0897781366257236,0.0797587402343639,0.0883752790178326,0.0839412248884319,0.0944909295944036
0.646253205074421,1.15315524723263,0.0868031273251463,0.0898727818080347,0.0801733235676821,0.0887568661644468,0.0838731259300846,0.0935688081287007
0.584571867604983,1.16447114356945,0.0867676269531451,0.090746005394323,0.080597005208364,0.0886559175037119,0.0845280064173813,0.0936083565847801
0.515264931354862,1.16532665959789,0.0867048293340846,0.0896081938244381,0.0811778785342171,0.0886286202566825,0.0838894252232427,0.0945916271390073
0.443694056426539,1.16101465362196,0.0866516322544606,0.0895125465030013,0.0818009509858518,0.0886465680803582,0.08485614536833,0.093705652436884
0.371124691022924,1.15010039201238,0.0866094331287079,0.089492199125765,0.0824144228980798,0.0886080217633747,0.0837633277529788,0.094732770647299
0.309892821348421,1.12881519241356,0.0865300851004293,0.0892899065289974,0.0829907459077704,0.0884316289992429,0.0846493024553412,0.0935608561197705
0.254387779106661,1.11021179011538,0.0864191406250188,0.0898397902715696,0.0834697730654594,0.0881073939731935,0.0834524902343552,0.093380164155388
0.200774450877462,1.08972095158374,0.0863685942150383,0.0889790690104212,0.0838956031436303,0.0878409063430306,0.0835637904575809,0.0940232956658065
0.147578961188282,1.06259098500378,0.0863479957217305,0.0889841192336365,0.0842310872395811,0.0872575288318504,0.0825734258742447,0.0926839425223505
0.0924962320791644,1.02574940562928,0.0863642950148886,0.0891204613095572,0.0844872233072832,0.0867667526971773,0.0819397507440767,0.0932636300222682
0.0363671144502131,0.983354683263413,0.0864297433035924,0.0891284133184874,0.0846652646019327,0.0862263253348154,0.0811179338727585,0.0916198893229278
-0.0188711487678723,0.935449668736091,0.0864390927269574,0.0892105561755884,0.0847652111235305,0.0856457031250338,0.0800782761346504,0.09111421130952
-0.0686899777461546,0.886845302220784,0.0863746465773907,0.0897901367187619,0.0848788062685844,0.0849600818452613,0.0798907412574385,0.0916407017298849
-0.110839947528764,0.832723828494078,0.0864045944940635,0.0893601515997262,0.0849622023809412,0.0836808337983428,0.0778887672060892,0.0916407017298849
-0.137567521872212,0.775439911061696,0.0864510928199544,0.0895226446242718,0.0850250000000017,0.0818640578497285,0.0769112234932799,0.0901080101376389
-0.158702076236001,0.717918332171618,0.0864949404761547,0.089980929129474,0.0850973981584688,0.0793370140438671,0.0740686918712924,0.0904821079799362
-0.182956312803717,0.65025478877351,0.0866689336867559,0.0898986793154989,0.0851575451078859,0.0757201474144186,0.0727585611979382,0.08848733491444
-0.189855254674472,0.621159109560019,0.0869846005394703,0.0902121651785698,0.0851901436942021,0.0714625976562517,0.0688309430803639,0.0879945126488141
-0.189962047789545,0.62052724874712,0.0879735584077487,0.0910524530319791,0.0854905482700988,0.0677160644530903,0.0621264671689259,0.0883762021019357
-0.219204875444763,0.422359379031328,0.0872178455170966,0.0905332007998288,0.0860353399367195,0.0596986560640015,0.0559826822916484,0.0875491745721479
-0.220060760273543,0.410411363807677,0.087120268322165,0.0901876255580176,0.0850263927641389,0.0545496837797697,0.0541974516369073,0.0870811453682705
-0.241346332157146,0.281154647503634,0.087136567615323,0.0893195591517898,0.0848228120349892,0.0561950055803596,0.0560246861048929,0.0844403413318474
-0.258533081440917,0.19275077396786,0.0870953706287075,0.0889407273065627,0.0847696149553653,0.058482752046171,0.0560246861048929,0.0823745651971576
-0.271802579981568,0.107264472060782,0.0870186732700608,0.0885608933221512,0.0849711565290085,0.0621432059151901,0.0556261788504541,0.0815335844494051
-0.284572081494086,0.0182148701067519,0.0868569312685983,0.0883922014509255,0.085287690662228,0.0671752092633817,0.057424890717987,0.0778299060639771
-0.301557561197668,-0.0682511905810814,0.0866992373511966,0.089209326171875,0.0855299269903325,0.0716855236234887,0.0591968982514826,0.0696899809337744
-0.304508292476198,-0.0837151830227832,0.0865075474330026,0.0887631882440378,0.0856545200892865,0.0761080031621605,0.0627133324032875,0.0535152204241016
-0.307125264717779,-0.101841039577177,0.086352755301363,0.0894092610677308,0.0857077171689105,0.0801755068824545,0.0657123907180083,0.0489271275111649
-0.330824340740373,-0.309718010076067,0.086299558221739,0.0901425269717103,0.0857256649925748,0.0827831821986729,0.070933472842239,0.0519428036644258
-0.328020483380029,-0.379343232210172,0.0863479561941893,0.0907753441220375,0.0856818173363159,0.0848874697730614,0.0722112839471642,0.0543421688987863
-0.315645626237092,-0.449687170533574,0.0865029994419889,0.0922682361421027,0.0857230143229314,0.0862741466704081,0.0728489374069689,0.0632828427269283
-0.29270616515133,-0.52353871995747,0.0866043433779629,0.0914258579799277,0.0857436128162392,0.0871489490327499,0.074737890625003,0.0752358700706982
-0.264291915175309,-0.594070208308524,0.0866797874814009,0.0915902506510337,0.0858037597655976,0.0879996047247297,0.0768825172061076,0.0839947521391119
-0.237719252051444,-0.664809442827534,0.0866701869419644,0.0916985444568594,0.0858243582589054,0.0886425223214289,0.0801040201823106,0.0887034133184733
-0.210172001800601,-0.720339706201665,0.0865961402529612,0.0916944963727812,0.085821707589262,0.0891482003348253,0.0805505254836527,0.0887034133184733
-0.176964509469761,-0.766492526816723,0.0865798409598031,0.0928109584264112,0.0857313616071594,0.0893355910528582,0.0822831101190356,0.0897992071242426
-0.137147815514931,-0.804434506183377,0.0865606398809301,0.0917615931919615,0.0857313616071594,0.0894930338541411,0.0817216215587528,0.0915499906994201
-0.095122614790267,-0.838853936162793,0.0865400413876223,0.0918519391741228,0.0857546107700518,0.0895505301339148,0.0826245419456425,0.0911671502975973
-0.0473135110229526,-0.873436207186475,0.0865071916852346,0.0918629371279941,0.0858080589657473,0.0895874279203807,0.082054706101173,0.0914806384858642
0.0100041038455078,-0.906580880265174,0.0864443940662328,0.0919396344865821,0.0858080589657473,0.0891580891927142,0.0822788504464157,0.0928624418712753
0.0711632159959263,-0.939242731658827,0.0864141950335,0.092952101934404,0.0858449567522132,0.0887834519159518,0.0824697893415441,0.0924053036644365
0.139518800435296,-0.975918755656918,0.0863211983817251,0.091967182849683,0.085865555245521,0.0887273530506129,0.0827202287946318,0.0934802129835036
0.208667522316666,-1.00740470302185,0.0861747535342249,0.0919930826822776,0.0858121070498255,0.0888376511346542,0.0836218959263129,0.0931916224888023
0.278913474540732,-1.02548584634145,0.0860611583891123,0.092093029203864,0.0857725585937162,0.0892194893973399,0.0828678199404954,0.093369163876338
0.348821178415968,-1.03274562011513,0.0858845145089678,0.0921325776599733,0.0857519601004084,0.0897036737351367,0.0839660830543482,0.0945815243675773
0.421305033896023,-1.03740813760392,0.0857038225446451,0.0921325776599733,0.0857519601004084,0.0899663643972929,0.0839660830543482,0.0936431036087163
0.499174534754597,-1.03611709602124,0.0855341285341937,0.0930477492559728,0.0858107096353907,0.0898640183221932,0.0829974632626245,0.0942574335008449
0.580823296646984,-1.0307082535945,0.0852973377046321,0.0922351748511847,0.0858804571242443,0.0898244698660839,0.0839332333519605,0.093820498511777
0.660129613175935,-1.02610889894087,0.0850468982514558,0.092230875651035,0.0859269554501466,0.0897779715402114,0.0829945614769096,0.093680252511164
0.728348855767144,-1.02087078493856,0.0849469517299465,0.0922006766183206,0.0859804036458421,0.0898925688243611,0.0832519507998491,0.0947269670759415
0.802883600266171,-1.01652187252699,0.0848825055803797,0.092203327287964,0.0860199521019514,0.0898925688243611,0.0832535993303554,0.093778945777375
0.877879964580099,-1.01151614158396,0.0847181129092151,0.0927436104910698,0.0860432012649026,0.0898925688243611,0.0834014415922904,0.0942125837051912
0.951491223200727,-1.00688160378631,0.0846098191034008,0.0921252325148825,0.0860637997582104,0.0899062174478758,0.08374613095238,0.0939971423920514
1.02952831293776,-1.00132857406349,0.0846167689731939,0.0921647809709918,0.0860896995907751,0.0898829682849246,0.0834383393786976,0.0937928455172003
1.10675704764138,-0.995452368368816,0.0845194731212693,0.0922906273251544,0.086126597377241,0.0898191685267971,0.0844946544828806,0.094910309709956
1.18342618434808,-0.989382861592136,0.0841484886532461,0.0920346354166497,0.0860691010974972,0.0897494210379734,0.0835535830543164,0.094910309709956
1.25594100517864,-0.975682158723139,0.0835860653831416,0.0922424804687457,0.0860595005580607,0.0896796735491198,0.0845006022135067,0.0937901948475569
1.32085824567827,-0.951979346415932,0.0826860095796445,0.091893491908495,0.0860664504278538,0.0897573730469036,0.0836249790736464,0.0940432849703353
1.37815476491951,-0.917146251809469,0.0808589587983676,0.0917592982701159,0.0859787551153358,0.0897381719680306,0.0841420131138309,0.0940406343006919
1.42570291678649,-0.873042801315377,0.0783371907552137,0.0920574893043032,0.0859116582961257,0.0896710751488205,0.0835034319196335,0.0937012462796809
1.46602721621996,-0.820699276183058,0.0768273181733479,0.0913679664248564,0.0858582101004302,0.0896288760230678,0.0833141415550701,0.0946543178012823
1.50137830644435,-0.760190051948947,0.0749815662202508,0.0910413318452177,0.0857611653646059,0.0891422921316991,0.0831823474702516,0.0933647600446826
1.5347165700371,-0.6909486227955,0.0727875767299328,0.0904353120349844,0.085673470052088,0.0885035667782456,0.0831051502046222,0.0932687174477574
1.56249268228761,-0.61825131252191,0.0673005650111318,0.089596656436013,0.0855502743675688,0.0880417364211082,0.0841375697544436,0.093230422246904
1.58557462149299,-0.551490867443483,0.0603358863467159,0.0892788318452627,0.0854489304315476,0.0877808012462736,0.083437588355632,0.092806384858615
1.60854383397738,-0.487875946629647,0.0556100167410715,0.087644652157728,0.0852476399739757,0.0877325102306274,0.0846181012834598,0.0940563941592663
1.63214105668397,-0.422791072564739,0.0542679199219083,0.0866884974888219,0.085020700799852,0.0881466959635105,0.0837922735305145,0.0932770647319853
1.65616816461852,-0.355622549782078,0.0574971330914881,0.0853535132998191,0.0845817243303382,0.0887523204984934,0.0849219889323316,0.0937403994604626
1.68293916289799,-0.284696577013591,0.0593233654204013,0.0828628394717313,0.0837765648251535,0.089116103980652,0.0849219889323316,0.094408823939864
1.70980924892814,-0.208880045483831,0.0598215750558271,0.0792238141740903,0.0826249232701168,0.0893695893787395,0.0841098098028124,0.0940957310267741
1.73660912446478,-0.130746909667674,0.0632233840215607,0.0711869954427009,0.0814068289620316,0.0896197777157743,0.0844034505208084,0.0952984909785481
1.76308543193432,-0.0533801032687297,0.0698763764880911,0.0645061360676826,0.0803603283110229,0.0898579659598408,0.0842809012276986,0.0942860235305045
1.7842411463848,0.0184694497514347,0.0781100609189185,0.0597175595238029,0.0793893787202502,0.0900449614025173,0.0844091471353929,0.0943169735863443
1.80392255986739,0.0895595760599061,0.079578413318443,0.0549317336309531,0.0780941941034282,0.0901161063058057,0.0847775878906468,0.09488115234389
1.81786898935327,0.154490577712819,0.0800723028274026,0.0597120768229318,0.0758640624999662,0.0901326567150352,0.0844419968377805,0.0941745768228625
1.82656662636811,0.224241273203396,0.0811343912760624,0.0658366745721508,0.0734360049292904,0.0901134556361623,0.0852989211309695,0.0949794503348506
1.82784558628367,0.296044228984816,0.0822450892857038,0.0728681826637018,0.0728394763764707,0.0899430106026566,0.0843399018787524,0.0949794503348506
1.82349883453416,0.369245929657484,0.0832611421131042,0.0799927176339067,0.0724825334821523,0.089780266462057,0.0852361235119204,0.0939549827937801
1.81364375705106,0.44675507567735,0.0838952125186102,0.0838165550595367,0.0718520089285703,0.0896939685640037,0.0843207007998794,0.0941074800038007
1.80269459816212,0.515540028667062,0.0842539457775421,0.0868861304873156,0.0711570405506218,0.0896378696986649,0.0848842331659548,0.0949097028460981
1.80001438269433,0.581562771050256,0.0845824800037113,0.0868861304873156,0.0690956008184742,0.0896784202939113,0.0842699032738273,0.0941635788689912
1.79609472251465,0.644067478180149,0.0849083635602843,0.0870850585937551,0.0629525785900353,0.0896604724702469,0.0841905552455372,0.0950889973957056
1.78615404549244,0.706384584678793,0.085334193638408,0.0879281203497215,0.0557542224702307,0.0896741210937616,0.0841493582589217,0.0940024832590772
1.77087489585939,0.772884385748128,0.0857506742931552,0.0886147414434708,0.0529122744605614,0.0896192754836313,0.0841261090959705,0.0938078915551797
1.75141528749931,0.84377233425162,0.0860674595424173,0.0891479678199094,0.0520526157924088,0.0890506928943291,0.0850017322358308,0.0945507184710235
1.72537979105794,0.914923846971543,0.0862826497396041,0.0904475213913743,0.0515402692522552,0.0886183082217215,0.0841659086681512,0.0936349004837744
1.69443914341537,0.979733048609373,0.0864074939545893,0.0897046944754294,0.0512870070684463,0.0885485607328679,0.0850976306733504,0.094544019717272
1.65815333333401,1.03434802510273,0.0865608886718528,0.0898113397507489,0.0541836542038763,0.0885546130952204,0.0841987583705389,0.093618852306628
1.61140888529676,1.07993382007003,0.0866883835565515,0.0898661853608792,0.0643483700706959,0.0888993024553399,0.0850839820498357,0.0935852515811448
1.56047066099061,1.10892913042415,0.0867720307849913,0.0898800851004654,0.0675789783295905,0.0892041922433189,0.0841153622581707,0.0945471726189388
1.49934959869692,1.13405541490219,0.0868434268043511,0.0905735119047343,0.0688843726748547,0.089249042038715,0.0842206101190553,0.0936340053013331
1.43015254498937,1.15299145218054,0.0868899251302236,0.0900305780319552,0.0703153645833413,0.0891241978236596,0.0840070684523449,0.0945251767111962
1.35644260587777,1.16176450740475,0.0869733212425218,0.0900923735118786,0.0720516485305212,0.0889113025483483,0.0840070684523449,0.0935791596912626
1.27941749886148,1.1607122308149,0.0870131208147025,0.0902457682291719,0.0741487211681615,0.0887589099702508,0.0839373209635799,0.0934619117374891
1.21338504522158,1.15557081263865,0.0870406691778034,0.0901829706101114,0.075720754278284,0.0886522646949427,0.0843122093564139,0.0943212355841913
1.14509690490749,1.15747010093442,0.0870802176339127,0.0906618536086214,0.0768552036830484,0.0886746163504419,0.0838031273251596,0.0933253185453175
1.0768863791138,1.16181311828846,0.0870941173734989,0.0902102678571408,0.0775715239025005,0.0886144694010248,0.0847839983259045,0.0943936337425986
1.00306404944818,1.16726517614226,0.0870751674106974,0.0901982677641324,0.0780865536644108,0.088563671875014,0.083840276227697,0.0943936337425986
0.922302796407811,1.17535856368393,0.0870190685453699,0.0905256556919268,0.0784687872023942,0.0885802222842322,0.0848633463541647,0.0935422619048266
0.835390799691936,1.18414974676212,0.0869001720610293,0.0899652762276964,0.0788333240327374,0.0886041178385341,0.0839073730469071,0.0935223098028581
0.741697420865722,1.19223105338611,0.0867745768229382,0.0897687872023586,0.0792074614025057,0.0886877650669738,0.0845117071242233,0.094695872860863
0.653436583412054,1.19272721025228,0.0865516857328742,0.0893299548921008,0.0798607328869145,0.0886851143973304,0.0838635253906481,0.0936265555244263
0.561886792681996,1.18205192104275,0.0863311941964294,0.0890893670945211,0.0806793991815365,0.0886502208891274,0.0838340773809695,0.0945882254465075
0.475549395397892,1.15754004358915,0.0861126023065336,0.0893233630952131,0.0814786132812612,0.0884187313987938,0.0835411876860103,0.0935259626116685
0.39599746478464,1.12445921516257,0.0859525088355887,0.0884914434523856,0.0822821265811183,0.0881038457961095,0.0831683035714392,0.0933416178384756
0.321566278648479,1.08482707796244,0.0858746651785787,0.088493591889886,0.0830089425222988,0.0877743094308146,0.0835762927827323,0.0941880440848771
0.252276516844832,1.03636127873781,0.0859470633370757,0.0886023856027059,0.0835989141555042,0.0869920410156057,0.0822470400855874,0.0926151971726341
0.185938673987743,0.973473869690766,0.0859919131324604,0.0886483816964066,0.0840854980468729,0.0857792875744072,0.0821434035528281,0.0929530436197759
0.1295169349946,0.911506479998244,0.0860312104724395,0.0896517485118769,0.0846631138393133,0.0845869861421012,0.0798559919084731,0.0912595075335081
0.0745818714515151,0.855435115698762,0.0860638090587557,0.0890057152157549,0.0848603562127656,0.0834234840029733,0.0788779482886697,0.090469642857107
0.0247412015626832,0.799421883318129,0.0861800548735117,0.0893189522879504,0.0849766020275216,0.081992843191958,0.0762650088355682,0.0907063941592275
-0.028696783840505,0.731942151890469,0.0865369187127716,0.090274809337811,0.0850762974330479,0.0802186221167942,0.0744168875557761,0.088690018136149
-0.0821005587354287,0.658993319707584,0.0879476888020897,0.091848249162938,0.0857527715773741,0.0782135532924272,0.0712736816406032,0.0890487374441891
-0.132158546617898,0.580651611061684,0.0891442708333695,0.0938372000557872,0.0867880092075792,0.0752159551711438,0.0666910574776986,0.0887055733816922
-0.179061159429211,0.498509274438586,0.0892313220796258,0.0917251906622285,0.0875049246652175,0.066346049572185,0.0626799827939126,0.0888134207589486
-0.216642744529517,0.421805595709873,0.0883575776599719,0.0917251906622285,0.086711953590034,0.0565031854538824,0.0626799827939126,0.0876449451264737
-0.243389587136269,0.337109613275576,0.0872969424293152,0.0901683012462425,0.0855315243675785,0.0535042015438719,0.0595780691964233,0.0820593447730468
-0.252175841649328,0.243705779605931,0.0870927199590641,0.088713034784236,0.0846485677083579,0.0565872302827508,0.0566920247395968,0.0775646554129469
-0.255232688124686,0.14618083669734,0.086914427548372,0.0880677153087574,0.0848209147135603,0.0613262997581988,0.0574370535714512,0.0775646554129469
-0.248431193931717,0.0447338629960864,0.086506294177794,0.0885235607328465,0.0851235491071349,0.0681747860863145,0.0629101283481726,0.0722544852120436
-0.230868680947131,-0.0565256115612203,0.0860270159039863,0.0871339122953618,0.0853535342261709,0.0727335681733659,0.0645659481956933,0.0658896833147257
-0.20379769991847,-0.141685518484022,0.0855175385974642,0.0871605654761709,0.0854522274925601,0.0768411597842458,0.0663655575707032,0.0594547107514849
-0.184341919422703,-0.216912151857242,0.0849905087425455,0.0877577404203597,0.0854589262462817,0.0797068708147028,0.066470482235856,0.0531316127232149
-0.162758805716949,-0.290201494061162,0.0845941266740707,0.0886596981957122,0.0854260765438941,0.0819479678199403,0.0678398553757886,0.0579562895275169
-0.134133161533262,-0.370079204962809,0.0844414853050619,0.0906201195126894,0.0854260765438941,0.0841350074404767,0.0690159993489552,0.0629864327567067
-0.0974322235147142,-0.451925467412069,0.0844241838727667,0.0903581124441948,0.0854931733631042,0.0857536737351336,0.0705272344680123,0.0711511858259015
-0.0536058270097732,-0.536314557855977,0.0844478283110156,0.0908660853794667,0.085557619512671,0.0868695638020678,0.073241517857128,0.0807290597098167
-0.0070214055470804,-0.618112402497359,0.0845120233445109,0.0911155226934471,0.0855878185453854,0.0878242140996938,0.0762900739397471,0.0863657017298887
0.0436673093886859,-0.692025236300746,0.0845805175780971,0.0913616629464325,0.0856014671689001,0.0883875325520901,0.0801724493117704,0.0907005882626489
0.111927621029622,-0.759030756129742,0.084557268415146,0.0922264322916591,0.0856151157924148,0.0882594308035932,0.0802027925036822,0.0917094401041848
0.189245549161678,-0.808188824328799,0.0845436197916313,0.0916204496837779,0.0856151157924148,0.0881416806175572,0.0817604864211119,0.0919855282738141
0.268578238190017,-0.851022171551444,0.0845599190847894,0.0917572939918118,0.0855849167597004,0.0882948242187791,0.0811303966703687,0.093346377418
0.358138646469806,-0.882383246171104,0.0845462704612747,0.0919365885416883,0.0855918666294935,0.0884110700334649,0.0816938220796103,0.09280623837424
0.454320613582815,-0.903648684611213,0.0844995210193595,0.0919571870349374,0.0856616141183172,0.0891277460007437,0.08203400065102,0.0933212681360307
0.541135485289611,-0.916146273715224,0.0845393205914816,0.0925207194010242,0.0857177129836446,0.0895750325520746,0.0825385323660531,0.0937320521762233
0.619241913922737,-0.935432663587489,0.0845556198846397,0.0920391857328709,0.0858107096353907,0.0897324753534461,0.0832422061011864,0.0935837076822154
0.699540853864828,-0.953227011714524,0.0845553687685682,0.0920322358630778,0.0858625093005799,0.0898022228422997,0.0829955636160467,0.0945489257812611
0.785187558249963,-0.971376928649024,0.0846141183035505,0.092357975260436,0.0859269554501466,0.089731473214309,0.0839921270461103,0.0936647042411612
0.877418939681276,-0.984031012526037,0.0847536132812462,0.0921319312686041,0.0859967029390002,0.089731473214309,0.0839921270461103,0.0937705984931471
0.973077226108266,-0.994439680774561,0.0847629627046112,0.092244128999252,0.086045851934546,0.0897856724330701,0.0832311011904698,0.0937705984931471
1.0725588368122,-1.00175544976638,0.0846340704054777,0.0919538899739248,0.0860664504278538,0.0897720238095554,0.0842332170758917,0.0941687360490507
1.15705350377929,-0.997206735064222,0.0842113932291518,0.091868845331109,0.0860691010974972,0.0897049269903453,0.0834393415178347,0.0936162016369846
1.23842297646263,-0.97747470545829,0.0834726841517782,0.0922832821800522,0.0860252534412382,0.089665378534236,0.0838915736607432,0.0946382696241359
1.30810914490889,-0.942395850936915,0.0820163667225118,0.0916991513206988,0.0859953055245654,0.0896627278645926,0.0834768856956698,0.0937566987536207
1.36749557614887,-0.898912123818905,0.0811192127046296,0.0915323590959623,0.0859624558221777,0.0895730282738004,0.0834675362723048,0.0936298502604993
1.4184687419242,-0.845262707134073,0.0797665318080339,0.0913147693452324,0.0858817103794529,0.0895238792782546,0.0833622884114788,0.0941677339098837
1.46023318970267,-0.78208935896492,0.0777036923363325,0.0908359933035677,0.0857913643972915,0.0893942359561255,0.08314444754466,0.0933537620907999
1.4954057747452,-0.708800951675,0.0722076962425286,0.0909824009486755,0.0856638695126515,0.0892380464099626,0.0839203752790526,0.0940160946800316
1.52724872765911,-0.64071877489451,0.0638917619977962,0.0891339285714235,0.0855256277901828,0.0889402134486807,0.0831171502976306,0.0927851399739381
1.56495793771553,-0.572217596810585,0.0581625302269677,0.0879772344679938,0.0853887834821305,0.0886025809151995,0.0842391648065477,0.0927488885788414
1.60208972804963,-0.50287138616936,0.0549272832961107,0.0879772344679938,0.0851409946986563,0.0880002511160989,0.0835142857142786,0.0938524530319625
1.63791496223116,-0.426948016112015,0.0557675130208564,0.0870798293340402,0.0848007114955616,0.0878061988467253,0.0846705473400296,0.0933727120536014
1.67418277999661,-0.34644095182082,0.0564027553013348,0.0858720889136646,0.0841513462611536,0.0881028855096624,0.0839962146577297,0.0947233142671311
1.71081767390506,-0.264588615638099,0.0576703124999726,0.0843104864211325,0.0830354561942081,0.0883806222098382,0.0841028599330193,0.0940027343750889
1.74562863287792,-0.18114489625068,0.0629068243117858,0.0784032877604317,0.0819362583705222,0.0891502441406293,0.0842001557849737,0.0941983282181061
1.77085701195977,-0.105794082967783,0.0733563197544474,0.0709519624255983,0.081017001488082,0.0897247744605874,0.084283551897342,0.0951719982329854
1.78740112552969,-0.0353069848812579,0.0766232514880877,0.0643281389509007,0.0798955589657896,0.0899642159597924,0.0848842331659548,0.0941860770087572
1.79274734334933,0.0392328002522066,0.07745012090777,0.0591084891182907,0.0776697265624773,0.0900243629092095,0.0842905017671351,0.0951218470983324
1.79313603171199,0.12647399431432,0.0783904785156495,0.0589347912016216,0.0755903390066653,0.0900286621093592,0.0852454729352854,0.0939971819198018
1.78988242158349,0.208907821909414,0.0798950520833187,0.0625934454055041,0.0744322474888595,0.089828018043168,0.084230354817718,0.0938507370722119
1.78260476014448,0.29014950497195,0.0815573195684896,0.0682021344866296,0.0732748000371741,0.0897131696428767,0.0851757254464319,0.0938507370722119
1.76570521250116,0.368748979289634,0.0827650623139841,0.0752346679687389,0.0722180524553712,0.0896228236607153,0.0851757254464319,0.094869507998399
1.74574295848478,0.433772586524781,0.0833828334263732,0.0804000627790082,0.0707595842633968,0.0896278738839307,0.0842466541108761,0.0938931873139464
1.73216339946872,0.501991713761015,0.08381586449035,0.0841881091889771,0.0660648856027041,0.0895169294084615,0.0846059942336176,0.0949884044829478
1.71600628548365,0.566592309443754,0.08417194707962,0.0851181524367468,0.0576267880394416,0.0894797805059241,0.0841098098028124,0.093842389787984
1.69471212854249,0.632116998251502,0.0845539295014733,0.0866326822916678,0.0571240676153098,0.0894455333891017,0.0840763137090854,0.0936846958705111
1.66313742532655,0.699264779269753,0.085347091238857,0.0876614862351423,0.0576759602864364,0.0893079380580424,0.084048014322889,0.0944450753346917
1.63180384098466,0.767837314449193,0.0857336239769314,0.0883960030692,0.0579727562314202,0.0892693917411001,0.0839982189360039,0.0931752185640488
1.60094285064852,0.833976019683323,0.0860856584821233,0.0895996582030865,0.0583675664992697,0.0892022949218899,0.0848661411830642,0.0940897437687264
1.57248873730359,0.894530929028445,0.0863403971354379,0.0891072707403179,0.0609654459635298,0.0890980492001424,0.0840190685453832,0.0930204264322897
1.53494488513095,0.951742730757287,0.0865074404761573,0.0893291596912263,0.0682254836309497,0.089045603143584,0.0849006394159283,0.0929741792224588
1.47587864718082,1.00857710865758,0.0866485839843707,0.0895074521019771,0.0691974400111387,0.0888836100260799,0.0840492675780976,0.0940237955729501
1.40868191105581,1.05180600164831,0.0867691289992764,0.0897060918898642,0.070285642206102,0.0883277785528518,0.0847239955357137,0.0931906226748243
1.3292697674068,1.0823593644113,0.0868391276042014,0.0903961170015127,0.0719206147693624,0.0878598935081544,0.0839778715587676,0.0943203380765713
1.24485618936883,1.10007771865478,0.0869706705728898,0.0899953287760543,0.0749285900297283,0.0875042061941935,0.0837978259858728,0.0932045224143507
1.15902889875012,1.10891286295557,0.0870363699776537,0.0900391764322546,0.0768513671875005,0.0874424107142701,0.0837376790364557,0.0932889206660251
1.08044559674689,1.11417842206891,0.0870174200148522,0.0903131161644535,0.0780828613281005,0.0877791480654882,0.0837705287388434,0.0942634881882255
1.00446088776196,1.11744388927585,0.0869217726934742,0.0899152297247285,0.0787128836495581,0.0882547340029856,0.0844505580357278,0.0932603701635181
0.927884144618295,1.1214901096463,0.0868563244047703,0.0899413806733647,0.0791058640252827,0.0883350841704128,0.0837266810825844,0.0941757928758271
0.84580768699788,1.12150768306751,0.086663632347469,0.0895094982329,0.0793932012648949,0.0882938871837972,0.0846651018415052,0.0932167736233893
0.762043087236258,1.11645923044711,0.0863915922619179,0.0891270159040526,0.0797502859933206,0.0883008370535903,0.0836991327194835,0.0932765252976891
0.674768579690717,1.10972667637378,0.0859920572916393,0.0891038736979467,0.0802132649739403,0.0882473888578948,0.0845103097098471,0.0932765252976891
0.588394626631412,1.09700409220763,0.0856213239397175,0.088181859188988,0.0808075358073067,0.0879889973958183,0.0834208937872349,0.0940608003161118
0.514796363246943,1.07646531760702,0.0853900855654843,0.0878600237164931,0.0814756022135349,0.087731608072919,0.0832850516183082,0.0929553362165026
0.435258084695994,1.03994328296512,0.0853531877790184,0.0876814801897595,0.0819819266183005,0.0871048828125038,0.0823913364955573,0.0937310128348536
0.36611412718636,0.994047190329766,0.0853462379092253,0.0876814801897595,0.0824422549293067,0.0861415248325844,0.0823913364955573,0.0926076009114604
0.299764823631806,0.944434722721399,0.0854814336867713,0.0875352841331819,0.0827930361792899,0.0854489560081492,0.0817466634114479,0.0921908691406417
0.240100909276908,0.887879305913176,0.0856329287574282,0.0884561476934682,0.0830453752790141,0.0847740815662353,0.081334481956839,0.092481215122744
0.185156468705102,0.821540576484961,0.0858525553385341,0.0879884021577294,0.0833279134114423,0.0835822730654368,0.0802480747767868,0.0909147763206698
0.134670516457914,0.751005398266743,0.0870061872209658,0.0886781296503024,0.0835332519531212,0.0816138857886675,0.0801147391182774,0.0907139834449145
0.0916550423641577,0.684022841621191,0.0881289736793024,0.0902084774926038,0.0844040666852559,0.0781404761904706,0.0776692987351229,0.0896925060453837
0.0478801778367278,0.619387252953345,0.0892721051897266,0.0915692359561388,0.0855531505766152,0.0723913853236455,0.0766650134858406,0.0890092331659116
0.00412652757845512,0.553333668162693,0.0904493419829072,0.0940544387091686,0.0865129441034296,0.067507710193475,0.0732468261718905,0.088629636346757
-0.0384499215029405,0.476973087107352,0.0904809058779616,0.0936212588354641,0.0873739327566943,0.0619153064546219,0.0688477980840712,0.0869297805059546
-0.076759031549636,0.398688625678233,0.0900375744047544,0.0927537086124635,0.0876057035900464,0.0563072033110118,0.0609087216331736,0.0864389346168345
-0.12245352579141,0.309924844051385,0.0892439662387959,0.0918046619233902,0.086776088169676,0.0555618838355518,0.0565937616257428,0.0845374534970224
-0.162401809526337,0.231087984318759,0.0881077822731046,0.0903028692336245,0.0862007091704,0.0610351260230554,0.056710023716491,0.0815028878348323
-0.191109451492384,0.154145810427973,0.0867598098028171,0.0895771089099592,0.085281217447898,0.0670294689360144,0.060859405226907,0.074581038411451
-0.20912153121155,0.0706150675401371,0.0862426013765007,0.0874017973400482,0.0844135253906438,0.0690967657179824,0.0619378092448106,0.0651503603980673
-0.217428720224853,-0.0133436999723057,0.0857331240699487,0.0871641113281061,0.0841551804315413,0.0721178036644112,0.0622543829054772,0.058631884765613
-0.216888213408944,-0.100965292632642,0.0851881463913542,0.087607747395864,0.0844645135788674,0.0756421921503076,0.0649578450520784,0.052013416108627
-0.207054149548316,-0.193174655939825,0.0847543643043118,0.0886254510788897,0.0845383091517991,0.0796846935454004,0.0668008417038644,0.0521131998697837
-0.188149609133001,-0.290637230866984,0.0844250790550884,0.0905585751488375,0.0845835542224929,0.0833053059896025,0.0708897670200689,0.0521131998697837
-0.163370654798141,-0.373818243710692,0.0843704845610296,0.0901091773623871,0.0847203985305154,0.0857927199591,0.0727166387648586,0.0663289829799284
-0.141015896385471,-0.448050344290339,0.0844720796131039,0.0905251557849914,0.0848229957216979,0.0867942638578559,0.0744583961123383,0.0752128976004739
-0.116229246734719,-0.510360168394331,0.0846079217819718,0.0908387881324373,0.0849159923735027,0.0874879789806659,0.0756747349330132,0.0803899297805084
-0.0850747782349084,-0.570785510134785,0.0847531133742521,0.0911344726562486,0.0850226376488222,0.0879461565290342,0.0767625790550598,0.0837834937685802
-0.0444142150666669,-0.633862433012913,0.0848568568638566,0.0921317871093779,0.0851664318266491,0.0883127348400212,0.0782859607514819,0.0860368443080578
0.00182117967044287,-0.698551876427932,0.0849349516369381,0.0915739513578756,0.0852620791480271,0.0887197195870583,0.0782859607514819,0.0891385184151772
0.053235052345509,-0.760939702465625,0.0849691987537307,0.0916944963727812,0.0853826241629328,0.0890619024367421,0.0791891020275314,0.0900386137462741
0.109029776872177,-0.82189963822067,0.0849622488839675,0.0917383440290103,0.0854919201078956,0.0894163364954945,0.0815849911644383,0.0917028855096894
0.168805421682865,-0.872069537876508,0.084952648344531,0.0918054408482205,0.0855453683035911,0.0895421828496869,0.0815471284412575,0.0931064336867602
0.24119593858399,-0.912992957199081,0.0849363490513729,0.0924128208705663,0.0855918666294935,0.0895740304129375,0.0828057361421082,0.0929663318452549
0.315942828786127,-0.940899205512665,0.0849047526041938,0.091954536365294,0.0856247163318513,0.0896411272321477,0.082164002046106,0.0942577892484036
0.394054529008413,-0.962098487381302,0.0849498535156315,0.0920242838541476,0.0856712146577423,0.0896945754278431,0.0829108770461476,0.0933555152528233
0.478089808688709,-0.974472573190156,0.0849731026785827,0.0923198242187615,0.0856944638206935,0.0897746744791988,0.0824155877976342,0.0934923595610066
0.568300166706841,-0.97754941403094,0.0850618001301791,0.0921009812127942,0.0857711611792814,0.0895819824218677,0.0825195824032516,0.0941464890252964
0.652771570810197,-0.9754115961361,0.085197247023808,0.0923785737537438,0.0858478585379281,0.0891622442336377,0.0827879696800624,0.0935736072359641
0.727752323552527,-0.978174268382184,0.0853350934709974,0.0920760835193367,0.0858874069940374,0.0888132556733983,0.0830400576636862,0.0947332705543839
0.802118198379022,-0.983613717362343,0.0854074916294944,0.092115631975446,0.0859571544828909,0.0887926571800906,0.0839552292597145,0.0936706519717574
0.87564463568727,-0.99001716598356,0.0855934849330153,0.092115631975446,0.0859804036458421,0.0887425060454077,0.0832207496279677,0.093668001302114
0.955589635278339,-0.9934822149837,0.0856292364211065,0.0925768182663631,0.0861035993303613,0.0892664899553852,0.0842236165364552,0.0945260718936375
1.03643000409403,-0.998180921136607,0.0854717936198051,0.0921115838913678,0.0861035993303613,0.0896590750558121,0.0833824916294889,0.0937257486977809
1.11984933490694,-1.0050243291984,0.0850174130394434,0.0920006394158987,0.0861102980840829,0.0897832728794982,0.0843594587053818,0.0937257486977809
1.19714621443753,-1.0005374411493,0.0842771995907724,0.0919059942336463,0.0860760509672604,0.0897231259300811,0.0834838355654628,0.0947595656622463
1.26968620936441,-0.982667661224374,0.0829669689359895,0.0917854492187407,0.0860226027715948,0.0896969749814151,0.0836043805803685,0.0937148949031956
1.33661147981539,-0.949893483891148,0.0803115094866169,0.0924695265997332,0.0860063034784367,0.0896737258184639,0.0835319824218715,0.0938115443636912
1.39481832364515,-0.903979782917836,0.0785126511346727,0.0915529575892701,0.0859186081659188,0.0895540783109989,0.0834931849888279,0.0946111165363925
1.44856926539438,-0.850452645261954,0.0765341029575727,0.0912888695126378,0.0858146135602427,0.0895281784784043,0.0837096284412119,0.0935481026786971
1.49627570395099,-0.785926559789362,0.0738302432105897,0.0908512904575886,0.0856681687128012,0.0893779366629674,0.0832686453683049,0.0943376790363365
1.53872493420683,-0.707897072532579,0.0667440499442307,0.090187774367523,0.0855160272507463,0.0892476469493991,0.0842228655133896,0.0930774228051589
1.57169838629882,-0.629739683112774,0.058190969122034,0.0901629464285771,0.0853588355654577,0.0890279087611986,0.0842228655133896,0.0930096795944899
1.60599501520355,-0.556709893139915,0.0536687081472907,0.0878924409412495,0.0851385951450844,0.0887626743861443,0.0836564313615993,0.0940992396762985
1.64426335428928,-0.482036220563239,0.0555130301339109,0.0868787899925811,0.0847405645461445,0.0887252743675355,0.0847143949962772,0.0934743071055262
1.67951223245546,-0.405170502496699,0.0583795596167963,0.0858737374441709,0.083946258835575,0.0890396577380769,0.0839998674665102,0.094816562034828
1.71388507896982,-0.3178500780399,0.0594107561384023,0.0833792666480763,0.0826034295944873,0.0893765392485326,0.0845736467633728,0.0940751325334962
1.74905191957157,-0.226616542154974,0.063571168154768,0.0775186686197729,0.0811909946986532,0.0897144228980853,0.0843104538690623,0.0943404738652773
1.78549193304463,-0.13631620407754,0.0706254464285724,0.0651765066964504,0.0800022042410792,0.0899346633184287,0.0843207007998794,0.0953984374999965
1.818260038171,-0.048227354990866,0.0788348353794439,0.0571466238839623,0.0788903622581532,0.0901353073846786,0.084495445033476,0.0944169201077927
1.84156042987376,0.0428474415999063,0.0808210123697482,0.0540945010230545,0.0771997977120346,0.08966742234004,0.0844206473214071,0.0951726446242948
1.85506110195542,0.134092325234808,0.0810738513764964,0.0605812220982188,0.0736629069010516,0.0892529854910967,0.0852593726748716,0.0940808291480807
1.86098142124875,0.219114851139051,0.0814622814359998,0.0703583798363067,0.0708255626860065,0.089043743024536,0.0843767996652068,0.0940343308222381
1.86200365433582,0.306773106963013,0.0821233979724935,0.0777940638951241,0.0708478422619338,0.0888308477492948,0.0852962704613375,0.0949591029575844
1.85586375048014,0.399054832494003,0.0831063499813761,0.0836248651413427,0.0705170503162228,0.0890606887090747,0.0843303013393158,0.0941472795758918
1.84241990680863,0.489124830275716,0.083818766276035,0.0862409946986816,0.069436804780546,0.0894163760230357,0.0852497721354351,0.0941472795758918
1.82557220666237,0.563933502157292,0.0843926897321537,0.0867552711123301,0.0673334170387171,0.0895844215029694,0.0842466541108761,0.0951287969680956
1.80692486098074,0.630288681124058,0.0848348191034241,0.0874648530505782,0.0608394019717223,0.0896180222284227,0.0842001557849737,0.094079431733616
1.789047585953,0.689901442044127,0.0851264555431572,0.086950469680067,0.0534733677455351,0.089604373604908,0.0841098098028124,0.0938958379835898
1.76430978172457,0.737475523620478,0.0852579985119043,0.0875689918154804,0.0551693336123229,0.0895219796316768,0.0840151646205312,0.0946974144346251
1.73889470015796,0.779813286488997,0.085271647135419,0.0880135207403227,0.0594774460565289,0.0894385835193086,0.0844926502045765,0.0935937034969197
1.7061020629168,0.822713485897096,0.085410139973989,0.08814846540175,0.0603645717075924,0.089314636811764,0.0839411179315279,0.0941836379277441
1.66503645862095,0.85941710010249,0.085664878627215,0.0888116931733518,0.0601525367373696,0.0892269414992759,0.0848265927269549,0.0930815755208439
1.61947782039707,0.896748304391258,0.0859335170200684,0.0882917573474638,0.058734626116087,0.0890748000371912,0.0838812220982411,0.0928838332403273
1.56286217031994,0.938966427208872,0.0861544038318398,0.0884671479724883,0.0587842726934493,0.0890111049106901,0.0848239420573115,0.0937920549665935
1.49605250185417,0.979569844043831,0.0862407017299229,0.0887945359002942,0.0640201009114466,0.0888646600632784,0.0848239420573115,0.0927795875185798
1.43574418876956,1.01998274529554,0.0863542968750241,0.0887945359002942,0.07168214285714,0.0887192173549153,0.0838622721354396,0.0937554082962279
1.36846558530021,1.05433039518906,0.0865182942708024,0.0888330822172664,0.0752770414806513,0.0886123209635357,0.0842165620349771,0.0929438360304883
1.29747277931139,1.07428110965623,0.0867504301525464,0.0893670619419781,0.0758277157738188,0.0884047270275112,0.0838114746093875,0.0928527390252912
1.22660088013463,1.09227087870636,0.0867643298921325,0.0892920131138377,0.0763481910342236,0.0882729329427215,0.0837048293340794,0.0938762044272061
1.14889012882439,1.10554015438619,0.0867782296317187,0.0894837030320019,0.0770841076078763,0.0883630278087527,0.0838143763951024,0.0930307803200303
1.06380625479343,1.11307752876314,0.0868400251116122,0.0900150320870702,0.0779889648437248,0.0883330798921386,0.0838316778273976,0.0938858049666127
0.977931480538037,1.10772983152156,0.0867978259858595,0.0897417387462817,0.0788916713169353,0.0880066941034226,0.084632503255189,0.0931998279389218
0.89385433061597,1.09707513474592,0.0866815801711334,0.089711790829609,0.0795609909784308,0.0875759579613098,0.0837784807477736,0.0930895298549229
0.804494875557816,1.09270732699056,0.0865586356026673,0.0896861421130858,0.0801172177269566,0.0872514718192004,0.0846584030877836,0.0942312453497669
0.71323390544398,1.09257159216299,0.0864284900483838,0.0894771507626553,0.0807659412202631,0.0871747744605836,0.0837303338913649,0.0931619280133188
0.621445213332999,1.09667688515737,0.0863165434337776,0.0899385881696439,0.0814534621465547,0.0872886207217378,0.0844774600074595,0.0931619280133188
0.528448660727134,1.09913060878532,0.0862932942708264,0.0888988234746904,0.0821570312499915,0.0877169573102672,0.0835656901041587,0.0938227562313014
0.431909042732631,1.0997201901187,0.0862400971912323,0.0886785830543584,0.0828325497581845,0.0878979003906614,0.0832319986979105,0.09319377557679
0.336392954425566,1.09262075036611,0.0862101492745595,0.0885922851562753,0.0834134230841077,0.0876458124069788,0.0828495140439142,0.0931187267484404
0.256036738414089,1.07608367771003,0.0861524018787143,0.0886481329055426,0.0838790527344007,0.0871770321800482,0.0821669410342317,0.0939555524553766
0.181735244458904,1.04589079214999,0.0861016043526623,0.0898626418340628,0.0842281854538663,0.086609307570657,0.0820774530319812,0.0924800013950766
0.120242405473693,1.01065761852706,0.0860249069940156,0.0889402692522287,0.0844965727306482,0.0859416364397564,0.0805267089844033,0.0925143554687444
0.0624547123630209,0.967918848260716,0.0858741629464358,0.0892094075520763,0.0846566662016333,0.0853327148437496,0.0804463216145952,0.0914202473958036
0.0109725934898105,0.916760912984717,0.0857550153459948,0.0895432431175209,0.0848553059895617,0.0847179896763129,0.0786063406808385,0.0907511788504384
-0.0348996297739531,0.857656276660369,0.0856716192336266,0.0897538829985164,0.084992150297614,0.084085314360093,0.0776209519159031,0.0911581263950646
-0.0673113680478394,0.797709577997713,0.0854992745535432,0.0909082449776782,0.0851658923921138,0.082943912760434,0.0745249348957981,0.0895191848028556
-0.0962178221438696,0.742611641698026,0.0854266252790633,0.0898917294457058,0.0852725376674332,0.0810147925967381,0.0716634114583191,0.0892344587053569
-0.122523804427372,0.688165642001673,0.085609605189745,0.0899522670200643,0.0852588890439185,0.0773799827938744,0.0677888137090881,0.0879956589471774
-0.148821779692873,0.628546815505931,0.0868540852864222,0.0912465750557996,0.0852399367559394,0.0731126441592245,0.0677888137090881,0.0868422572544513
-0.175571686924253,0.556106547488338,0.0866887672061187,0.0908284156435991,0.0860799409412516,0.0680483537946061,0.0622958821614603,0.0880643089657546
-0.202023983612364,0.476813214809587,0.0860648484002738,0.0907710030691978,0.0860923339843502,0.0601041248140042,0.0571083844866195,0.0861260649181559
-0.231078613215447,0.393283997966338,0.0861022484188826,0.0892054617745642,0.0850266438802104,0.0553872163318556,0.0532701288132279,0.0850534179687663
-0.259989079016557,0.301474490200772,0.086042101469477,0.0887132859003074,0.0848271112351389,0.057524049014123,0.0536435105096503,0.0826873372395737
-0.275958537880062,0.211068931283816,0.0859079078311452,0.0882388067336322,0.0847463657924141,0.0645425781250073,0.0564771321614556,0.0755117047990996
-0.281983567189196,0.118546232148683,0.0857459147135525,0.0878276274181718,0.0848810616629774,0.0683327706473289,0.0630265159970358,0.067151046316946
-0.27911534717095,0.0312016345933977,0.0854473284039974,0.088580557105626,0.0852248930431675,0.070572107514871,0.0632105794270733,0.0583809407552449
-0.272289817899805,-0.0589194790251496,0.0850979445684604,0.0883242117745424,0.085520326450896,0.073023198009676,0.0654298177083365,0.0583809407552449
-0.259895080366633,-0.151391490159172,0.0848298084077499,0.0893100678943474,0.0855778227306697,0.0764937825521204,0.0664043154761933,0.0530469517298712
-0.242374174342305,-0.246682035197037,0.084812111700157,0.0901005789620878,0.0854792736235181,0.0808871721540303,0.0685606910342347,0.0512016810825946
-0.219552764147171,-0.337821735747641,0.0848850120907969,0.090121784319235,0.0854042247953777,0.0843846935453798,0.0714426641555401,0.062156015159999
-0.192320096263159,-0.411383564926432,0.0850290573846953,0.0904786574591004,0.0853291759672373,0.0864290829613037,0.0739966727120347,0.0755610258556535
-0.169429365709736,-0.478869322726072,0.0852904947916728,0.0913172758556496,0.0852361793154913,0.0873368396577183,0.0761215215774087,0.0803772135416964
-0.149575951913441,-0.532905174951257,0.0855780831472979,0.0910029296874717,0.085159481956856,0.0878484654017821,0.0764637416294735,0.0831980026971616
-0.131121107967684,-0.581133075483738,0.0859066173735144,0.0911876697358726,0.0850870837983889,0.0881877464657695,0.0782069684709897,0.085416208612376
-0.113671116591285,-0.625272212730952,0.0861693080357119,0.0914683082216932,0.0850542340960012,0.0884326334635577,0.0780703055245445,0.0864878580729023
-0.0967596017521328,-0.661843911411559,0.0864130487351252,0.0913218633742517,0.0850050851004555,0.0885219773065232,0.0794350957961129,0.087922251674098
-0.0733184994447075,-0.6844439615175,0.0863855003720244,0.0916284016927081,0.0849283877418088,0.0885794735862969,0.0781490443638464,0.0869570335751419
-0.0523035471273648,-0.685532733954521,0.0862911063057962,0.0912315173921316,0.084879238746263,0.088412681361619,0.0763583472842437,0.0860521786644309
-0.0386693852957035,-0.662748361401074,0.0861296154203763,0.0910561267670957,0.0847915434337451,0.0881488444010294,0.0746307477678496,0.0846396716889713
-0.0372514926207293,-0.622531956667845,0.0859170758928617,0.0910725330170991,0.0847819428943086,0.0878843610491108,0.0739108840215811,0.081681217447895
-0.0452658997991886,-0.569280995826021,0.0858315290178741,0.0901417759486446,0.0847380952380496,0.087435784040179,0.0732417759486747,0.0778017717633847
-0.0638241024805073,-0.512626989196427,0.0858010788690584,0.0894691592261953,0.0846819963728107,0.08684896530876,0.0732417759486747,0.0714699009486297
-0.087675528179,-0.454383602704048,0.0858379766555242,0.0887428431919503,0.0846271507626804,0.0858790178571717,0.0716844377790129,0.0663993001302116
-0.113899940734559,-0.400376864493373,0.0859280715216141,0.0878684337797574,0.0846108514695223,0.0842868954612824,0.070578789992558,0.06404993722097
-0.133064111681779,-0.346697480811516,0.0860991629464118,0.0879162899925534,0.0845368047805191,0.082181749906983,0.0649631603422874,0.0564701148623584
-0.146699284072394,-0.288059171300176,0.0863811988467557,0.0866917829240915,0.0843822637648624,0.0790392717633741,0.0613804292224348,0.0546610746837697
-0.152749833034146,-0.219149243033316,0.0866265880766281,0.0864798874628272,0.084137376767133,0.0734616443452303,0.0600220447358804,0.0579974190848382
-0.151722682236167,-0.143382836431165,0.086811830357172,0.0867863188244384,0.0838510416666393,0.0686663271949565,0.0604355492001334,0.0579974190848382
-0.145097849629837,-0.0608344090349762,0.0869460239954924,0.0874294898623867,0.0835989536830453,0.0651446637834828,0.0590970982142787,0.0634551618303651
-0.138065734479881,0.0291535786232971,0.0869802711123149,0.0891409760974677,0.0834468122209606,0.0612520135788671,0.0552613257998542,0.0716220586867225
-0.129839913680321,0.121106264502636,0.0869968215215444,0.0887278320312628,0.0833727655319574,0.0586885253906061,0.0558178966703812,0.0767689871651699
-0.123297047409988,0.209036719847447,0.0870051688057837,0.0891606119791681,0.0834259626115813,0.0544556966145562,0.064172256324391,0.0826122721354113
-0.121386026839686,0.296094695252268,0.0870155529203991,0.0898474400111566,0.083599704706111,0.0549863304501325,0.0684985212053627,0.0833715099516397
-0.118685951311444,0.381864313533705,0.0878242117745748,0.0912049083891543,0.0838713843935965,0.0580335821242589,0.069234730747747,0.0844970052083482
-0.114659032042497,0.473059057219169,0.0886575125558276,0.0936250255766059,0.0849975818452477,0.0634631208147465,0.071973335193475,0.0875785807291778
-0.109162146519695,0.56553914681407,0.0894742606026845,0.0935439708892224,0.0861000255766272,0.0700341099330736,0.0736546875000034,0.0893005557105956
-0.0991641472785164,0.652910776867388,0.0903084519159141,0.0939700032549425,0.0871638137090589,0.0793104515438817,0.0775308082217484,0.0929309593564284
-0.0845711107976171,0.729123883196912,0.089653476097484,0.0927721051897101,0.0881568475632137,0.0853405180431205,0.0797194498697871,0.0940826195124643
-0.0638633687541642,0.795349520024098,0.0886821893601307,0.0913575079055084,0.0878158900669517,0.0873694405692179,0.081170447358603,0.0941138416108877
-0.0344401514187869,0.85449547115526,0.0876104515439062,0.0908341866629743,0.0869295014880978,0.0873712193080245,0.0816540387834983,0.0948315034412473
0.00729580051825505,0.906862325696144,0.0864026204427249,0.08869298270088,0.0859218122209936,0.0869522158668152,0.0814916666666763,0.0932783412388336
0.0595014496731405,0.9514914747302,0.0860222563243836,0.088721033296094,0.0846862862723249,0.0864418247767847,0.0820533458891192,0.0938608003161904
0.122516750048962,0.987021132524822,0.0858429617745544,0.0887255836123739,0.0841627371651738,0.0867827985491151,0.0825132789248277,0.0930642764136676
0.19845170858865,1.0128408492267,0.0857320172991151,0.0886242396763412,0.0837695056733664,0.0874996186755799,0.0839789806547674,0.0932021228610179
0.283156205501724,1.02735761578779,0.0856323218935888,0.0886242396763412,0.0832394298735066,0.0879932965959793,0.0839789806547674,0.0942431408109593
0.360478540341758,1.02822438750554,0.0854858770461586,0.0892010253906337,0.0827323521205564,0.08816664341517,0.0833305478050735,0.0930387323289605
0.432259385480593,1.01593243425878,0.0850271972655886,0.0879168736048976,0.0821126813615896,0.0880822451636646,0.0842021228608556,0.093724418712948
0.501354408530268,0.991984094184279,0.0847614606584914,0.0875471400669641,0.0811217726934617,0.0879833007812337,0.0833109514509028,0.0925139578682865
0.567019475499002,0.954733577834094,0.0846392671130794,0.0874187476748546,0.0805197963169688,0.087464618210543,0.0838926827567255,0.0925139578682865
0.631826691769784,0.906108150003749,0.084393877883207,0.0869445196242622,0.0803129487537123,0.0871402762276897,0.08329970238096,0.0923522158668065
0.689822352374354,0.851481040392379,0.0839838448661099,0.0865986421131078,0.0801777460007682,0.0866839960007617,0.0831127069382433,0.0931003441220567
0.73905988250875,0.789423510032326,0.0833621675037499,0.0835521670386976,0.0799807500930197,0.0865666015624936,0.083025762648791,0.091715494791686
0.770561505464815,0.722723462419858,0.0825242954799101,0.0779498465401464,0.0797274088541698,0.0865820079985086,0.0826810732887013,0.0922686360677296
0.785818255983533,0.64984195380496,0.0815757277715722,0.0724822195870847,0.0797022646949085,0.0865468656993943,0.0831169666108632,0.0906046898251591
0.791375423614182,0.568707032123747,0.0807786551339199,0.0709337565104079,0.0797313244047647,0.086484319196464,0.0820062011718476,0.0901654599144549
0.790125183249569,0.476751084426589,0.0805805106026478,0.0698394694010674,0.0787480957030955,0.0864394694010679,0.082727783203134,0.0908957845051783
0.784160877176303,0.380540560416832,0.0808306966145451,0.0679883812313753,0.0789537969679887,0.0862092331659017,0.081524021112325,0.090054157366069
0.775431196513587,0.281811126110646,0.0809615931919528,0.0680460356212659,0.0800884974888245,0.0851570359003199,0.0823747465587866,0.0911540690104395
0.772382613626484,0.189721019081959,0.0807742071242648,0.0705513741629675,0.0813182361421317,0.0835785621279638,0.0811645368303574,0.0899081077939077
0.770523970905789,0.10328506515015,0.080850016276065,0.0719984956287306,0.0826306175595525,0.0821712867373679,0.0808005022321571,0.0894518275669684
0.769028942864763,0.0218910165440498,0.0805267903645807,0.0734921851748191,0.0837182082403201,0.0814621349516671,0.0803255231584991,0.0895459333147555
0.768552864761879,-0.0641334403005666,0.0799254278273551,0.0786724051339319,0.0844253208705146,0.0821864095051684,0.0798330984932898,0.0871714332217518
0.771373757116561,-0.156206791565477,0.0801127859933335,0.0847388904389899,0.084881098865311,0.0838056873139798,0.0796223144531567,0.0871275483630706
0.77971346790914,-0.254756082800127,0.080950011625727,0.0889732956659145,0.085175385974705,0.0856050455729296,0.0785992047991292,0.0863777739025515
0.797373892311795,-0.347572495969583,0.0814195475260496,0.0894374581473198,0.0853699776785552,0.0869310732887163,0.0794745768229181,0.0876501767113033
0.816661959129021,-0.428282944100984,0.081750734747011,0.0900408272879684,0.0853932268415064,0.0875705868675577,0.078990787760419,0.0895354050409427
0.84067593978629,-0.494844740646355,0.0821590122767565,0.0904295084635546,0.0854603236607166,0.0880833589099734,0.080556580171154,0.0896698869977568
0.873546255548999,-0.554016412018578,0.0824537992931272,0.0908208403087729,0.0855533203125213,0.088489485677111,0.0804956147693672,0.0914304152715971
0.912038836220121,-0.610790008473785,0.0832977957588853,0.0922682361421027,0.0856901646205438,0.0887700172060863,0.0802819266183116,0.0914783482142565
0.95802103059498,-0.666222159945059,0.0835181803385435,0.0915062081472962,0.0858761579240946,0.0887426130022529,0.0814835774739826,0.0914783482142565
1.01450478016123,-0.720637422067,0.0832485398065241,0.0916061546688941,0.0859708031064056,0.0885318661644121,0.0817521089099908,0.0922257626488334
1.07832956105424,-0.771645536908329,0.0826628673735272,0.0916280064174105,0.085973453776049,0.088508114769318,0.0823243838355734,0.0937544061570609
1.14525457048968,-0.805835350357015,0.0815280273437328,0.0916280064174105,0.085973453776049,0.0885711635044499,0.0827133161272197,0.0932368698845851
1.22071286335955,-0.821101765334752,0.0804750790550854,0.0926730724516094,0.0859830543154855,0.0887777553013673,0.0829733561197738,0.0940869884672485
1.29207429482176,-0.809900332132686,0.0794547293526542,0.0915227585565258,0.0859624558221777,0.0892429896763626,0.0840200706845203,0.0934249069940285
1.35346303016228,-0.783811422174509,0.0776096237909089,0.0913051688057959,0.0859049595424041,0.0894843308221453,0.0831513974144531,0.0934690057662394
1.40400143933537,-0.743570223160987,0.0755026855468471,0.0909881347656524,0.0858050130208062,0.0894078845796402,0.0839666224888248,0.0943144298734266
1.4521973789884,-0.691088000001501,0.0700148949032525,0.090495710100473,0.0857010184151889,0.0892808919270845,0.0829913039434382,0.0931318731399317
1.49195086985404,-0.636144429120254,0.062168926711285,0.090836314174092,0.0856063732328778,0.0891712007068538,0.0840574707030993,0.0934974121094604
1.5240189100988,-0.594490577972805,0.0566054385230982,0.090836314174092,0.0854721795944873,0.0889402134486807,0.0833784435454107,0.0928891345796141
1.55376362236985,-0.557144275828725,0.0545210170200685,0.0886182547432929,0.0852914876302347,0.0886929268972907,0.0834979864211205,0.0928691824776755
1.58307773487656,-0.517206722347394,0.0567611909412511,0.0872041713169525,0.0849605538504349,0.0885886811756133,0.0837467773437492,0.094166336495419
1.61455479379988,-0.46761543847289,0.0573357142857227,0.0859566313243962,0.0844956775483265,0.0888589657738128,0.0839128185454201,0.093629099237344
1.64539878257422,-0.404197333224929,0.0579929408482231,0.0844136579240825,0.083384588913685,0.0892161946614761,0.0846647437685998,0.0945499674478682
1.67808587943148,-0.329396873189082,0.0637770019531157,0.0824197777157468,0.0816851748511842,0.089611825706844,0.0841905552455372,0.0942637765067502
1.71805513946513,-0.243274775496398,0.0746935337611405,0.0771677525111939,0.0804344819568714,0.0898812151227919,0.0853106701079065,0.0942697242373464
1.74876386962956,-0.153173786180715,0.0773816313244166,0.0681850330171462,0.0790355538504448,0.090102457682291,0.0843712472098599,0.0953327380953407
1.76653385264179,-0.0677620076225818,0.077975506882474,0.0613000813801786,0.0766381277902033,0.0901626046317081,0.0854269159226037,0.0942409226191266
1.77850263612837,0.0108533723538479,0.0785643322172274,0.0578901901971722,0.0717653180803844,0.0901599539620647,0.0843834984189284,0.094543161737391
1.79222171316109,0.089423328709374,0.0794864932105785,0.0644158040364711,0.0690097958519159,0.0900998070126476,0.0847677362351388,0.0941692754835757
1.80489921137282,0.174282399639094,0.0809599353608894,0.074560302734366,0.0684516741071687,0.089833463541681,0.0843041503906498,0.0941692754835757
1.81226910502798,0.266043299103686,0.0824040736607363,0.0825711635044221,0.0679646926153534,0.0895654715401793,0.0843041503906498,0.0939686314172948
1.81909257029746,0.364122165438167,0.0835625232514588,0.086613483537955,0.0673138230096654,0.0890029413132295,0.0843111002604429,0.0950940476189807
1.82780763127152,0.461017676356734,0.0842771949404933,0.0885528413318624,0.0661463843936135,0.0886719005766432,0.0843834984189284,0.0940642787389109
1.83095690960925,0.543523357148847,0.0845923316592192,0.08990903320312,0.0648383045014798,0.0888233956473001,0.0842849493117768,0.0944856654576885
1.84887955636172,0.604960334262019,0.0846757277715875,0.0898842796689001,0.0641703845796381,0.0889190429687482,0.0852701195126714,0.0944966634115598
1.86642922940313,0.652347614322089,0.0846989769345387,0.0900812709263108,0.0638429989768925,0.0894293782551812,0.0843111002604429,0.0942502720425215
1.88060000600659,0.682136997812337,0.0846989769345387,0.0904492094494104,0.0637598539806957,0.0898203148251903,0.0852907180059792,0.0953471377417118
1.89219927317072,0.692561167416025,0.0846687779017944,0.0900539736792814,0.0633551246279929,0.089842812965046,0.0843549479167019,0.0942735212054428
