"x","z","0-1","0-2","0-3","0-4","0-5"
1.0297697447624,0.50692990035264,0.0992587402341732,0.0940575869608017,0.0932308430989659,0.0936444847468923,0.103658544921976
0.97666154466389,0.509144088919981,0.0980381742930801,0.0958435244604957,0.0929646065850207,0.0919318545386842,0.101918510509835
0.927879203652485,0.518211848782552,0.0928278994605965,0.101007952008934,0.0922753348215866,0.0911597935268099,0.101830422247109
0.883316720481136,0.513900494739956,0.0962405668715016,0.107782679966269,0.0906490001859907,0.0873529110863127,0.0985751418341845
0.841424702744695,0.490170552286057,0.100042120070397,0.113744138299837,0.0869368931361276,0.0802449544270726,0.0937411528086876
0.801363185247972,0.453119548252403,0.10092358165896,0.114644694010312,0.0823671619233527,0.0779749465216077,0.092850813802255
0.768515780479031,0.403198485055158,0.102250932384614,0.11512586960581,0.0784545735677253,0.0755350492931495,0.0912456542968831
0.746541011757099,0.340435537557812,0.101699541945936,0.11561954752614,0.0742117396763417,0.074365945870554,0.0898672154018001
0.735069954516661,0.266849985685707,0.102945035807011,0.115944175502278,0.0697995233445129,0.074365945870554,0.0896868838355717
0.733442473116684,0.189436685238718,0.105216289992344,0.116719135974505,0.0672230445498369,0.0716609049479107,0.0879167596726513
0.734445032847636,0.115060283526105,0.107488692801277,0.117611488560245,0.0654293108258873,0.0708194428943214,0.087114894903288
0.728753302997893,0.0542833216745248,0.109956545293576,0.118260853794547,0.0640906389509007,0.0702583007812346,0.084131159319187
0.710800687027932,0.00616809794965457,0.109956545293576,0.118778927176121,0.0629716727120322,0.0713557082403243,0.0831540527343943
0.688631114587587,-0.0258536996027234,0.109785742187418,0.119016864304595,0.0629081961495605,0.0756313871837741,0.0834667503720072
0.664186357117075,-0.039765105942037,0.110419417317951,0.11912350957957,0.0633731073288538,0.0775616164434763,0.0834667503720072
0.64003362403774,-0.0328650406232538,0.110475911458322,0.119552992466602,0.0639552315848254,0.0798815197173023,0.0824764904203973
0.6208989050568,-0.004955828441701,0.110567905970904,0.11993457961273,0.0643680175781434,0.0801837937128298,0.0824304547990967
0.607382114175478,0.0416207706373447,0.110558807663638,0.120230119977988,0.0644999139694694,0.0801855096726516,0.0820845796130727
0.595603480316507,0.0951919688021167,0.110433463541473,0.120327415829638,0.0634720749628097,0.0795864025297305,0.0816591448102582
0.583806971981073,0.150272196641788,0.111300739397575,0.120190822637533,0.0621074637276699,0.078400871930788,0.0835605282737893
0.573526504994974,0.195741827057384,0.109578652809099,0.119967931547416,0.0613635904948252,0.076861835007463,0.083353980654751
0.572339975703895,0.225406087110945,0.108569445219394,0.119687795293843,0.0609453497023761,0.0733519484747131,0.084427569289431
0.584432192979947,0.241586097278329,0.107390292503579,0.119347260974455,0.0602751650855707,0.0721072242373553,0.0853215704055144
0.606364617032675,0.242484736279061,0.105719215029637,0.118909933035671,0.0593360932849891,0.0695578985304951,0.082615887741817
0.642856847358185,0.229128847067462,0.104679268972959,0.118463004557079,0.0584252139136701,0.0680445149739848,0.0805204822358653
0.691632335833658,0.207886158545599,0.10201807803183,0.11805587565091,0.0577835100446384,0.0669771647135495,0.0764083403087881
0.734250753935425,0.181434410744315,0.100588197544679,0.117659744698451,0.0574862816219883,0.0660261625744064,0.0723507556733475
0.771121463837388,0.151471333426153,0.098605782644826,0.11727561383966,0.0576216192336232,0.0662286272321631,0.0699875325520609
0.807447890341887,0.126547799110155,0.0972882440478441,0.11697247953872,0.0580807291666355,0.0648501883370214,0.0669823242187778
0.839255260633867,0.104977155650164,0.0966012276788145,0.116783942522192,0.0578404668899006,0.065689164806546,0.0662763555617691
0.853638086474604,0.0898069462244582,0.097146956380287,0.116643050130023,0.0571422037760183,0.065689164806546,0.0681545270647413
0.864115814575605,0.0794596218704652,0.099361072358587,0.116788992745408,0.0563251162574373,0.0647439778645995,0.0699361235119017
0.873703769483785,0.0694291722781989,0.100303471447415,0.117104127139328,0.0568612560454038,0.0657138625371813,0.0756114374069762
0.883268454997596,0.0541431912702234,0.102839064825422,0.117544105747846,0.0585011532738367,0.0680073776971555,0.0799528901599459
0.868093483114735,0.017955476034631,0.105183614676575,0.117989385695825,0.0601932686941632,0.0699260463169559,0.0799528901599459
0.846984431260005,-0.0372488980273432,0.106593647693443,0.118298072451627,0.0635000627790292,0.0735358375186137,0.0842223330542998
0.835217700257956,-0.1045471327484,0.108376278831812,0.11861951264907,0.0662492513021034,0.0759129999069689,0.0865462123326023
0.833181172614387,-0.166971574683517,0.108403352864662,0.119194938150945,0.0676392113094883,0.0810153645833114,0.0887873511904814
0.827770215988897,-0.215478077957388,0.108727443731356,0.119628218005782,0.0697866536458024,0.0824060453869274,0.098084605189535
0.819080993752516,-0.251757738148046,0.108183112444259,0.119491373698193,0.0713944056919431,0.0836866420200753,0.100585416666639
0.816862997981255,-0.263294302008927,0.107960972377191,0.119436528087711,0.072268875558036,0.0832424037388044,0.0997764950707388
0.824225267981046,-0.240356425056265,0.107433298456345,0.119483277529484,0.0726377418154531,0.0829499860491238,0.100950558035915
0.850371868989295,-0.22763517929837,0.10753575381301,0.119626069568589,0.0719515159970303,0.0834622209821644,0.0999373372395531
0.892732130456362,-0.240274118100123,0.10929814453133,0.119713406808288,0.0711694986978929,0.0812672665550315,0.10034686569933
0.942245463811842,-0.267810338939035,0.10904000651022,0.119939987909251,0.0702545038132502,0.0808825567336715,0.102527273995243
0.996454122105596,-0.312022019361772,0.108963557942526,0.120072426060338,0.0693430571056444,0.0788817964099895,0.102841589936527
1.03957799777116,-0.362471523368087,0.109653583054261,0.120280164155312,0.0679971842447643,0.0783333775111563,0.10453566545783
1.06761004673398,-0.406800123671299,0.110102411179343,0.120440006510568,0.0681989792596453,0.0787616071428703,0.105764757719522
1.08683240844583,-0.436532768661272,0.110590285527947,0.120579501487675,0.0698620349702155,0.0798052455356939,0.105686951264892
1.10363471107063,-0.469007436286089,0.111841334170499,0.120681847563404,0.072378359840034,0.0821345377603962,0.106986755952341
1.1165340271016,-0.507688799964409,0.11183947172592,0.121167429315647,0.0743771135602342,0.0826665852864881,0.106415917968811
1.12630517810246,-0.551779252749142,0.113537988281128,0.121799204799277,0.0761832845052147,0.0854019624256266,0.107290683128478
1.13749888133664,-0.606593980882342,0.114835967726612,0.122392829241109,0.079464576357918,0.0854019624256266,0.109777699497611
1.14616960408893,-0.664951549648698,0.117461335100615,0.123021200706711,0.0855293457031173,0.0867085286458508,0.11157254231753
1.16024278689472,-0.713630032811111,0.118938857886885,0.123587025669778,0.0919813290550808,0.0911590425037318,0.11157254231753
1.17133281569508,-0.739257554043325,0.119284693545249,0.123830264137043,0.0952193033855425,0.0958491699221244,0.113782359095728
1.17393662449189,-0.758351621182549,0.120205166480746,0.123846563430131,0.0957368745347324,0.0972588797431721,0.113734356398695
1.16434102879055,-0.760412076933517,0.119033107793792,0.12377276785693,0.0950233142671813,0.0978797642296303,0.113199230375557
1.14314645300233,-0.733972149907426,0.119019459170336,0.123721970331096,0.0945476911274965,0.0966526088172494,0.114130952381259
1.13016738464984,-0.716178962579174,0.119072656249845,0.12377276785693,0.0942338076635796,0.0974047851559723,0.113163730003645
1.13817734056234,-0.723437704214031,0.11922049851203,0.123809665643824,0.0941873093377946,0.0962379208519412,0.113474065289843
1.1664398050956,-0.740199509672048,0.12015476422991,0.123839613560368,0.094367501395358,0.0961815708705896,0.11478056873162
1.21636467548278,-0.769417389900247,0.119668824404638,0.123816364397517,0.0950048665366989,0.0964738513767779,0.114038888113754
1.28334851757258,-0.812756892238533,0.12021480422211,0.123812065197386,0.0950049014134027,0.0966766834079222,0.115433086867695
1.34992549044505,-0.85683142519873,0.119686772228225,0.123762916202051,0.0949307477675841,0.0978251371835882,0.114585263206775
1.40111172330743,-0.889691754018252,0.119753869047733,0.123620770554312,0.0949484444756466,0.096889762369902,0.114590564546062
1.43718534770594,-0.902000248252362,0.119953510974412,0.123638718377899,0.0957226167225817,0.097985374813888,0.115667478143754
1.46233691223038,-0.911053185794953,0.120589334542103,0.123831410435402,0.096360088820944,0.0974229887461645,0.114849351283319
1.47994903291518,-0.929699158559383,0.122381168620144,0.124416687592742,0.0969711588539229,0.0982338076639049,0.115445626395094
1.49521720242126,-0.959666803075008,0.121933775111379,0.12506451125339,0.0977830171129178,0.0993511648993859,0.117014569382052
1.50547555211751,-0.995412968755967,0.122431105840508,0.125586488560386,0.0987261672247529,0.100398523530646,0.116566529482921
1.52773345131522,-1.04661750484604,0.122844038318495,0.125944575427593,0.0997565104166521,0.10254163876499,0.11795503162237
1.5710883191376,-1.1053532680888,0.12310407831099,0.126141566685226,0.100743005952368,0.102894747489091,0.117290048363165
1.60697085575632,-1.15237909643701,0.123741657366323,0.126331608072983,0.101676053292548,0.104452334449265,0.117482991536624
1.61621173574869,-1.18251565918316,0.122428706286947,0.126299009486807,0.101942289806493,0.103506963820903,0.117482991536624
1.61178907418144,-1.20659901036519,0.122204668898771,0.125909326171785,0.101656601097545,0.103506963820903,0.118372514415857
1.5886235902749,-1.22007272480373,0.121412548828032,0.125212353515689,0.101057675316067,0.10297108677441,0.116683277529662
1.54946719122171,-1.22218929613147,0.121412548828032,0.124766571335455,0.100621744791495,0.102491308593726,0.116296496000607
1.48961363342089,-1.22461823013426,0.121249804687486,0.124175741722781,0.100385456194123,0.102145472935555,0.116430545479915
1.42446735282691,-1.2466267578985,0.121219605654872,0.123821451822678,0.100089271763623,0.102880203682932,0.115493377976045
1.3688294262305,-1.26791811363798,0.121037660435123,0.123588709077096,0.0990311662946798,0.101494603329867,0.116472744605509
1.31248391495535,-1.27899853306542,0.121890285528637,0.123382117280654,0.0981327590216477,0.101893061755805,0.115203138950936
1.27178073849893,-1.28338644481687,0.120744270833277,0.123337267484864,0.0977972772507282,0.101008735584184,0.114805503626939
1.25148121835869,-1.28008655440358,0.120850916108838,0.123320968191776,0.0983823056174162,0.101465157644985,0.115738874163117
1.23170154420994,-1.26463093144748,0.12087416527169,0.123377067057461,0.0988337844120516,0.101877087983639,0.114719456845251
1.20720570381094,-1.23590781048398,0.120820968191707,0.123619159225781,0.0990752673923052,0.101861934988786,0.115333786737215
1.17066498942212,-1.19535372879835,0.121402448381944,0.123908000837347,0.0990534156437889,0.102740208798113,0.114976450892852
1.1164525779919,-1.14524411618291,0.120725320870557,0.124168040829841,0.0988909226191145,0.101681494140476,0.114359721447038
1.05568503758284,-1.08632485847145,0.121241101655414,0.124351383463431,0.0987227329798844,0.102728208705164,0.115262892950292
1.00106029267925,-1.02638283005413,0.120699169922003,0.124321184430817,0.0985724911642715,0.101774741908763,0.114032835751371
0.950620430371125,-0.976971427048922,0.120703469122134,0.124290985397904,0.0985365955170601,0.101808989025468,0.113879692150164
0.909282422995662,-0.941971397968679,0.120636372302914,0.124301983351728,0.09854884672614,0.102005980283008,0.114778564453298
0.876924655270429,-0.913400324550188,0.120552976190203,0.12418838820699,0.0985993931359331,0.101862437221046,0.113613204520047
0.85276112095204,-0.890392702686685,0.121628241257763,0.124125590587612,0.098766185360787,0.10284180385057,0.11463362397708
0.820874660646367,-0.877393635376549,0.120427129836552,0.124068094307787,0.0989300757998375,0.101949881417199,0.113548363095507
0.781284270427887,-0.868066294705309,0.12039983258964,0.12388740234354,0.0989916201634546,0.102895000930018,0.113548363095507
0.739440457587433,-0.860815394095261,0.12037658342649,0.123778106398749,0.0989467703681759,0.101990827288154,0.113500611514246
0.697852917846819,-0.855307390767175,0.120477927362386,0.123771156528986,0.0982097470237309,0.101990827288154,0.114525330170811
0.662909625812577,-0.846045986982592,0.120973360770094,0.123808305431662,0.0977843122207403,0.102044275483732,0.113362620907791
0.635570879087891,-0.834585600114563,0.120412227957594,0.123821954055118,0.097793410528492,0.102347912016256,0.113102832031378
0.605595630347162,-0.831867210946282,0.12096780831476,0.123877801804145,0.0983705915179174,0.102395807756418,0.113479871186684
0.564468751260989,-0.829733681695833,0.120397326078821,0.123962846447241,0.0988039783298383,0.103509619140697,0.111370396205226
0.513179782175054,-0.822455276524449,0.120508270554226,0.123953497023916,0.0986724353608265,0.102649544271105,0.110874281528767
0.452023564527804,-0.812064112860348,0.120664064825008,0.124039794922041,0.0986721842446963,0.103750709170508,0.108341841052694
0.383032699419046,-0.791563587563757,0.120757061476826,0.124110939825023,0.0988497233072327,0.102886335100179,0.107573974609548
0.323593577706121,-0.76379420256803,0.121864925130447,0.124217585100471,0.099025864955393,0.103080424571904,0.107993963913556
0.277502100403751,-0.737858853842535,0.120817208426571,0.124273432849498,0.0990697126115345,0.103325167410496,0.10608237537225
0.244929301281358,-0.721165650890807,0.120880006045361,0.124273432849498,0.0990450660342659,0.103143222191375,0.105518343098828
0.223533273266906,-0.711159901621591,0.120854106212878,0.124296682012464,0.0990626185826326,0.104204587518656,0.104993966238995
0.201925189935798,-0.706343298624747,0.120891255115256,0.124326629929008,0.0991609165734481,0.103354864211508,0.103018570963817
0.175983385329475,-0.701695199402684,0.120891255115256,0.124247533017015,0.0992785598028736,0.104360381789686,0.10109887695296
0.144153099834353,-0.692969364277107,0.121465785435142,0.124224283854164,0.0993320079984517,0.10351900576612,0.0953389950705691
0.107678851613802,-0.677161365632801,0.120831108166097,0.124190036737489,0.0990221749439081,0.103483756510289,0.0881054734002784
0.0741933017721158,-0.656632274119949,0.121206247674788,0.123749700055745,0.0982899158297444,0.103445712425684,0.0826276111421138
0.0503443636816826,-0.628798233636965,0.120533168247462,0.123326915922406,0.0970119280135211,0.102893536086103,0.0777062895275442
0.0367895718586468,-0.590486737300565,0.120396323939688,0.1230124255952,0.0952557733444338,0.103535772414159,0.0777062895275442
0.0302326018909059,-0.53844205188166,0.120222832961275,0.12287697870174,0.0927347214471721,0.102002832031254,0.0701190848214494
0.0341236312046193,-0.472833149558119,0.119939794922,0.122803183128539,0.0892329775855413,0.102133693731565,0.0588474400111507
0.0455358195174121,-0.403815166199197,0.120825018601102,0.122707535807502,0.0855126743861567,0.100237327938842,0.053504524739591
0.0529948940842564,-0.337368259555356,0.119554410807408,0.122693887184046,0.083021254185241,0.100237327938842,0.0563841331845376
0.061906675062357,-0.274379468516064,0.119382317243125,0.123022026134595,0.0804301804315477,0.0995211170016477,0.0616088146391355
0.0882113574487945,-0.222686612640954,0.119143126859932,0.123313518415021,0.0768775297619419,0.0992437383742125,0.0679727771577199
0.107056026667101,-0.183666990096211,0.118911888485669,0.123486114211331,0.0738865164620368,0.0984752255396859,0.0731086007254383
0.111022767128063,-0.158195429112014,0.119159784226336,0.1235571149555,0.0697374441964392,0.0988395810080583,0.0752305106027175
0.0936236807005589,-0.134522378563272,0.118465211123503,0.123448070126377,0.0652907784598344,0.0972207007998108,0.0800314453125163
0.0760427397644517,-0.0975082631356304,0.119079792131526,0.123437072172553,0.0626909877231986,0.0977448986237898,0.0853844842820018
0.0633048289108627,-0.053337569998959,0.118548858351905,0.123527418155027,0.0619808337983585,0.0966736444382677,0.0932160598028282
0.0548812714849776,-0.0102685939653658,0.118042929222524,0.123669312685696,0.0628849609375116,0.0966324102490951,0.0966167108446903
0.047212372205495,0.029172451138121,0.117393959263484,0.123707463727619,0.0651694010416352,0.0955779924665231,0.097809330822443
0.0409788631397973,0.0608562749742951,0.116480398995449,0.123554571242713,0.0708145600818471,0.0926752487909209,0.100859877231922
0.0344597261119217,0.0887788540889403,0.116549609375342,0.123237537202246,0.078690459914445,0.0892699451264938,0.103069228980487
0.0189011218769432,0.128561913886832,0.115052957589414,0.122737160528189,0.0857686825707203,0.082613567243265,0.102250351097393
0.00503927483136855,0.178531407941642,0.115279143415047,0.122130389695053,0.0906597749255773,0.0785878162202653,0.102935432942454
0.00105530553834289,0.244068034057492,0.115296589006493,0.121635709635556,0.0936610002791434,0.073257661365339,0.102188953218268
0.00497428440431041,0.315797530673049,0.11528193824387,0.121252976190596,0.0961128045945631,0.0711148111979236,0.102669233631213
0.00765203839444257,0.38787577864113,0.115594029018023,0.120993187314172,0.0975177501861861,0.0707233933221749,0.102669233631213
0.0120659214357236,0.451149956367726,0.114688564918397,0.120760946800731,0.0979483793714536,0.0697324521019289,0.104247921316866
0.0332945119420901,0.497834540004133,0.11479291759692,0.12044935825934,0.0977952357700556,0.0710188151041669,0.103160656157091
0.064606243219509,0.526595106396008,0.113586862909383,0.120139022972566,0.0973274576823209,0.0705561546688928,0.102853724888309
0.095842842906385,0.539996003351192,0.113140185547217,0.119875186012082,0.0968407296318434,0.0716312802269391,0.102499793061494
0.111842742134485,0.557439718020008,0.113242782738063,0.119634598214448,0.0963420014878291,0.0704037365141341,0.101615822637641
0.112650433727744,0.590098883534754,0.113145738001976,0.119456808035719,0.0960482166108303,0.0693031808036019,0.103212455822163
0.10500843630971,0.636230761948993,0.113145738001976,0.119473107328807,0.0960660202753272,0.0693031808036019,0.103079443359661
0.101525974223361,0.67693306021465,0.113448586309417,0.119322865513245,0.0961125186011122,0.0685155017671235,0.103311828032122
0.100810690431467,0.698534133776753,0.111025874255759,0.118833486793012,0.0960360723587718,0.068362458147319,0.103699720982191
0.115178650817928,0.719521893418332,0.109485591052678,0.117938627697407,0.0958505812873052,0.0713087262834657,0.102263718377855
0.156936737373065,0.72941695642882,0.108165297153858,0.116786630394113,0.0956446358817397,0.0757663597470426,0.102618403553042
0.221167295997881,0.728931518298313,0.107221037946422,0.115456842912908,0.095534086681803,0.0833241048177364,0.101968717447717
0.292968331297885,0.726665804570801,0.106698165457399,0.11350222981748,0.0950593959263741,0.0864216378347997,0.101666227213439
0.363492005778354,0.721957221027458,0.105647151692562,0.110307326543745,0.0949729910714457,0.088853566778273,0.102541994512819
0.426667903639471,0.715939970127293,0.106104289899635,0.108873425874272,0.095246177455184,0.090561686197907,0.101779464285693
0.479779175360545,0.703535613531863,0.105376867094615,0.108322251673817,0.0960136509484562,0.0910027064732063,0.101883207775533
0.525906602842369,0.680107428054716,0.105049335007213,0.108061316499177,0.0961493489585088,0.0923118605840376,0.102743282645125
0.566609261797223,0.670814839140691,0.105330975632729,0.108319707961195,0.0957297177270539,0.0916320824032948,0.1017109677269
0.605299124406515,0.672256323336579,0.10634623558408,0.109340915643789,0.0954289829796864,0.093318563988073,0.103306561570156
0.633569097745119,0.660072184523538,0.109242029389934,0.110957645089329,0.0953976376487549,0.093595982142833,0.103351302083059
0.658139600931225,0.645736682115088,0.108529257347537,0.111234628441395,0.0956931780132401,0.0945127325146799,0.103351302083059
0.688031218332017,0.641110591902204,0.107268605840883,0.109631403459734,0.0958861211867601,0.0948961123511555,0.104803889973928
0.720248940879036,0.643679026439361,0.106823825799899,0.108197514416076,0.0957794759117341,0.0947179640999543,0.106247630673182
0.752319232511599,0.651104150197057,0.106864125278898,0.106651678757519,0.0957931245351901,0.0961608096170629,0.105430505952233
0.782593442037693,0.666618238611001,0.107281963820726,0.104643759300369,0.0959160691033155,0.0957881068639343,0.105892336309312
0.816372851721886,0.691498023039699,0.10684248511904,0.102499997674674,0.0960785621280083,0.0975383858814977,0.107034695870405
0.857016105592929,0.72231899818661,0.107393624442205,0.0998752022881899,0.0963244512648162,0.0971861374625093,0.106619254557293
0.907762550480915,0.753303587114637,0.106691850353561,0.0962410900296975,0.0966700358074624,0.0978063058038385,0.108217247954074
0.966148903306684,0.777855803287365,0.107304173642394,0.0924650762648328,0.0972070591516142,0.0978063058038385,0.108086242094643
1.02991718149469,0.797592501215729,0.108006842913142,0.0901751185826194,0.097112307012528,0.0987754627046737,0.108961651320883
1.0964916581956,0.799887712103923,0.108375676618076,0.088805931454603,0.0972267973400498,0.0991233398437933,0.110717985026053
1.15964784088435,0.797188434958839,0.109381194196265,0.0879868396577776,0.0975095842632246,0.100478490048649,0.110116050502319
1.21372608880618,0.7897151000254,0.108073437499916,0.0873058384486494,0.0981428641184585,0.0995537179129491,0.110477039155481
1.25114768814545,0.7762224131599,0.108231631324471,0.0867520717075716,0.0983250604536678,0.100369194103392,0.110359000650637
1.27031524003904,0.774263541601969,0.10866061197922,0.0874074474516132,0.0980885207401777,0.0991137393043867,0.109480582682429
1.27846009077622,0.794514214862357,0.109440980747648,0.0899245977492756,0.0978064848399984,0.0988352515813502,0.110250813802156
1.28276095617532,0.815592764971373,0.11044739350854,0.0948242861791495,0.0974456031434198,0.0989335495722069,0.109306445312453
1.28833043846542,0.831743774800362,0.109504636346459,0.0967466982888818,0.0971980654760758,0.0987168550035455,0.109460591052958
1.30334729705758,0.843038805968806,0.108753031994314,0.0953617047991387,0.0970871210009002,0.0997753185456284,0.110528655133932
1.323443631617,0.84743479307893,0.108753031994314,0.0905127627418012,0.0968898786272604,0.0987695498513499,0.109345240420641
1.3491698051964,0.848025394775923,0.105407586960394,0.0834749906994072,0.0964549502418546,0.0994189848399461,0.109345240420641
1.38154678241369,0.835066095820631,0.101921105375635,0.0843892461867435,0.0958215262275119,0.0978440941221524,0.10986037481404
1.40471836605533,0.799665014462252,0.0978028483070275,0.081935979352649,0.0947914667036914,0.0973324683776891,0.109112853422767
1.41566497869608,0.748272889341644,0.0877819707961334,0.0763769740513305,0.0938698056176464,0.097051685732807,0.108944305710427
1.41767917996279,0.678609198976027,0.0792295944940365,0.0742395856584704,0.0929607933406984,0.0959296340213502,0.109880970982144
1.40937860327698,0.59791679092054,0.0742303757440648,0.0753092261904835,0.0918545410154643,0.0960963890441053,0.108861446707874
1.38741070448287,0.523046903322713,0.0731458031064254,0.0763554059709863,0.090255650111595,0.094565094866323,0.108920591517978
1.35319004008428,0.466253389226641,0.0731901018415193,0.0772529924665472,0.0892051385788418,0.0951859793527698,0.110104150390288
1.31792320635025,0.433168030867469,0.0735878813243991,0.0783279761904784,0.0886719122023445,0.0941200637092204,0.10932987118699
1.29028285447731,0.409398411682741,0.0728679059709589,0.0792148158482508,0.089039850725444,0.0940692661832857,0.110530982607744
1.27105952525084,0.393682350266895,0.0708401018414804,0.0799227167038919,0.0892762462797492,0.0940692661832857,0.109543412853131
1.27312207251315,0.382374434100109,0.0709596795944984,0.0805933896019246,0.0892873511904543,0.0943674572174143,0.109517513020606
1.2974714534046,0.366430543666809,0.0702803989955184,0.0813962518601333,0.0895361421130945,0.0941021158856147,0.110616778273948
1.34023853487547,0.339213751328125,0.0717331426710992,0.0825047712053327,0.0900179268973193,0.0953839727494166,0.109607212611739
1.3739569788812,0.298291530760395,0.0728313848586121,0.0842952892485357,0.0908273484002912,0.0949135811941259,0.109719661458312
1.38907298133584,0.247837202192292,0.0751117606026752,0.0866077008928844,0.0918694056920887,0.0965678199406206,0.110541085379292
1.38754648764457,0.187063118837194,0.0776058314732217,0.0889738583519519,0.0923453869048838,0.0958306896391243,0.109824409412055
1.38421869148432,0.149939111248861,0.0757381673176859,0.0924363583519181,0.0920075032550376,0.0954506068636727,0.110945670573053
1.38398787430404,0.145345819012704,0.0736400065104292,0.0994388857886165,0.0914534272693372,0.0953898135230512,0.110172644624225
1.38881421260866,0.145506205044996,0.0719598656064309,0.103924588448376,0.0911481422061192,0.0951105724516654,0.110269689360024
1.39841818019936,0.137197375225295,0.0730633579799161,0.105625790550518,0.0901831775483834,0.0960048944379622,0.110269689360024
1.40427217656816,0.129632479660089,0.0754857003348001,0.10665068824398,0.0881266834077785,0.0938060709634742,0.111429999070058
1.40109715655058,0.118124426082633,0.0778366582961325,0.107289306640588,0.084877269345219,0.0924615792410655,0.110378234282064
1.39878673848858,0.0929163495992045,0.0819936941964272,0.107917429315644,0.0818475841703576,0.0901339797246899,0.110600478980849
1.40035347718575,0.0554108721972602,0.0851437337239662,0.10880914015978,0.0809267764137095,0.0894551711309296,0.110348390997285
1.40286560702846,0.00704744415891045,0.0904899739583177,0.110373572358815,0.080884502883165,0.0892782389322914,0.109299883742365
1.40842311206985,-0.0589444105033765,0.0957362304686741,0.112396468098905,0.0801498442150185,0.0884718238467493,0.109879175967086
1.41810236801523,-0.13239687771298,0.101006522042303,0.114825237165134,0.0785549618675689,0.0886119256882258,0.108445284598003
1.4254264307839,-0.202518777394688,0.106730515253024,0.117138618396197,0.0755170572916886,0.0860957519531028,0.108312344215232
1.4219638232917,-0.257104404810248,0.108664892578134,0.118793931361207,0.0751591517857141,0.0850445568266467,0.109189471726314
1.40681798124629,-0.301088503886794,0.110592643229312,0.119861423456388,0.0760010067894459,0.082684684244817,0.107941968936209
1.38228254714052,-0.335059631161001,0.112314304315583,0.12069627976206,0.0781960286458182,0.0835353980655117,0.10870349702361
1.35290596145906,-0.368409255902265,0.112314304315583,0.121338695126599,0.079057898530526,0.0836970889137249,0.108537495349833
1.31350022548885,-0.409269741228354,0.113803829520511,0.121862465123206,0.0808326543898873,0.0848238095238089,0.109204164341743
1.26429196024176,-0.457817239868706,0.115384702846113,0.12230384114605,0.0842264671689356,0.0855133347284333,0.111013195219604
1.2134413353329,-0.509771018352861,0.116314492652901,0.122678371466044,0.0885624116443538,0.0887171456473111,0.110644147600621
1.15846717804898,-0.557273483579561,0.118096763392526,0.123046203031757,0.092014029947886,0.0907823590959704,0.111130124628091
1.10953794582904,-0.599595142696435,0.11806395089311,0.123321037946653,0.0925236514136642,0.0947977934337089,0.112596721540263
1.06786766092904,-0.639872650737886,0.118535777064685,0.123471530877997,0.0931089657738145,0.0945137555806504,0.111874242001509
1.02976584687886,-0.669985776777322,0.119000904482912,0.123638323102603,0.0933149855839196,0.0952499209450785,0.113258840216043
0.991963391136706,-0.703716223284572,0.119412583705283,0.123809163411683,0.0939011951267613,0.0964563709077945,0.112655652437061
0.961575404863423,-0.747267152181645,0.120925427827408,0.123984302920481,0.0948143973214953,0.0969403413316186,0.112655652437061
0.929987806274771,-0.801959302891212,0.120155196707359,0.123729708426477,0.0961765345982127,0.0988987537202186,0.11314667968746
0.893867661761416,-0.861389820691882,0.120435584077589,0.12349166434163,0.097104138764752,0.0996097726002318,0.114495382254255
0.853207775714926,-0.907192424783589,0.120493080357115,0.12332626953104,0.0972521251859719,0.101569224330655,0.113623807198621
0.806751431336991,-0.934876639517605,0.120532879929125,0.123221021670494,0.0970922828309225,0.100794945126668,0.113646305338387
0.769824360074149,-0.94445614977671,0.12079696800568,0.123232019624318,0.0969104445682663,0.100868991815496,0.114031296502922
0.741533329382362,-0.94019332118019,0.120461879185368,0.123171872674861,0.0968176990328266,0.101317926897509,0.112627999441715
0.734499197692998,-0.93034372390725,0.121170458984573,0.123122723679526,0.0967765020463284,0.100906140717974,0.113350730096838
0.723685445513593,-0.908494082581606,0.12010074637276,0.123340169270566,0.0964935709634464,0.101779113188015,0.112053827195055
0.700735320977537,-0.870905717777919,0.119824407087178,0.123542712983534,0.0961039946055797,0.100539957682109,0.111450853329588
0.667616615146608,-0.820254356654845,0.119634114583237,0.123678159877581,0.095696470424066,0.101140745907537,0.111657407924315
0.6329068543444,-0.766223424571349,0.119480719866191,0.123767108444925,0.0952836449033068,0.100004187593194,0.109517945498333
0.601415294463535,-0.708003206732165,0.120518085007723,0.123774058314688,0.0949010184151919,0.0999100446427915,0.108973328218403
0.581736017164961,-0.650978497052676,0.119303576079013,0.123804257347601,0.0943411039807121,0.100237037295259,0.108568849981682
0.569589764666969,-0.60380933175249,0.119045184616753,0.123723511904925,0.0937791829425745,0.100237037295259,0.107146961030357
0.559237086356216,-0.562260711820735,0.118778445870577,0.123540420387116,0.0930441638764798,0.0995616652714116,0.105697991071535
0.543299368735731,-0.523128031357323,0.118750146484797,0.123391575985799,0.0921974121093819,0.100336446707628,0.100390306454878
0.518531597501924,-0.482389391369787,0.118959388950561,0.123321828497131,0.0908554059709902,0.0990848958334922,0.0955165387835617
0.477012312202472,-0.438801744567213,0.118691648065207,0.123275330171429,0.0886265648251466,0.10004821428546,0.090150472005197
0.423879529357894,-0.393103289735575,0.119274883742234,0.123259030877754,0.0835361397879713,0.0987791108629865,0.0818507789248302
0.364771609747099,-0.343016888157748,0.117929478236736,0.123152385602594,0.0778714960007506,0.0975477283295397,0.0818507789248302
0.310495632222228,-0.287036175917026,0.117085309709741,0.123036139788224,0.0742871117001625,0.0960386811758237,0.0771345912388644
0.279052208620338,-0.225696533569803,0.116396037946218,0.122947693452434,0.0693401250930238,0.0934908737909406,0.0734673572358474
0.274121269147757,-0.170431105022504,0.116396037946218,0.122745400855536,0.0700259184337505,0.0930357770647156,0.0662149065290564
0.281161077609447,-0.122586296545942,0.115925860305119,0.122550058128402,0.0682319940476295,0.0905967982700907,0.0655562197730926
0.294410437772049,-0.0774481564343805,0.116435300409544,0.122450362723304,0.0662417898995346,0.08894796549482,0.0681052362351128
0.319984014667641,-0.0281079945571997,0.114810509672649,0.12227257254476,0.0667483607701165,0.0848396693638262,0.074774739583343
0.36109811762941,0.0234142295668261,0.114496126301814,0.122116778273565,0.0689416480654808,0.0821568150111682,0.0818506277902016
0.403085127735261,0.0647217818045261,0.114134742373712,0.121936337425204,0.0716591169085085,0.0810299688430115,0.082892610677091
0.428890230066436,0.0966073563531461,0.113808107793827,0.121759944661676,0.0742600399925735,0.079941376023048,0.0853391090029675
0.44860864855274,0.116154779127293,0.112800153459947,0.121435960751445,0.0756595749627933,0.0803018949962536,0.0859103073846521
0.465235871015394,0.128877633491435,0.111672049386286,0.120905636160844,0.0754874465215791,0.0774743047805066,0.0868284505208721
0.477606967780716,0.148424159879442,0.111818852306496,0.120340062313848,0.0753918340774044,0.0752014253162087,0.0882486909411912
0.487134051131645,0.182377169800318,0.110168161737084,0.119920682198651,0.0766589773995295,0.071454243396594,0.0873742140996942
0.493370874659243,0.229052309666789,0.109730582682185,0.119668094308061,0.0794039643787285,0.0694097074962787,0.087919403366819
0.4944006048824,0.272462084490149,0.109348851376623,0.119464404297033,0.0834059012276478,0.0687625325521024,0.0896600446428759
0.495253259369134,0.320802828735876,0.108969770740338,0.118944826544186,0.0869449055989752,0.0687625325521024,0.0903120605468686
0.49833824635754,0.376586650204918,0.109577006603449,0.118292703683108,0.0894981050037405,0.0680211286272304,0.0929089471726157
0.504865683455404,0.438930832073865,0.108409998140171,0.1176638299851,0.0912614304315518,0.0699862909226105,0.0939152180989437
0.511984304457236,0.497819812620879,0.108422751580924,0.117056808035584,0.092406731305519,0.071511449032743,0.0957555199034062
0.519120852363181,0.536904087889152,0.107477739025086,0.116698828124749,0.0928790597095336,0.0755482049851046,0.0957555199034062
0.523325445536128,0.555443945043524,0.106741573660669,0.116335044643073,0.0929926548549396,0.0771869396391222,0.0970545712424531
0.524043979663438,0.564838503418321,0.105946303013578,0.115938662574302,0.0931786481586551,0.0792063709077598,0.0961006394158795
0.528666381722392,0.577105897587316,0.105014729817973,0.115637176804137,0.0932802432104946,0.0818446800595201,0.0968724841887508
0.541646737342337,0.593711230233971,0.105619170852182,0.115054908389377,0.0932612932477518,0.0832655412946643,0.0975648763018292
0.568105205885888,0.60453720075723,0.104417664155619,0.114294849795544,0.0932476446242958,0.0858029320126427,0.0976164620534566
0.609068921151897,0.604433955344747,0.104115029761615,0.114231908016964,0.0931519973031237,0.0870053734189091,0.0989397646951201
0.654653842952024,0.586709622064524,0.103553108724065,0.113858775111941,0.0930055524553887,0.0892015462239886,0.0981127883186039
0.704762895012475,0.553349426656108,0.102911088634806,0.11315470842605,0.0924171223960205,0.0887263578869078,0.0984833751862568
0.758373454866512,0.515427635261962,0.102832849702264,0.112138909040429,0.091678450520823,0.0887740048363223,0.100193710472578
0.806180045344238,0.485250845671695,0.100649039713671,0.111150658017215,0.0915322567894643,0.0894565801710949,0.100295840308645
0.832972349726204,0.468567049740635,0.0992755115326685,0.110170503162388,0.0918197009858518,0.089260128348238,0.102082012648623
0.859167593987839,0.458506706083619,0.0978519391741221,0.108528806268694,0.0921881417410356,0.0907657714844071,0.101972000558249
0.884662555835852,0.447668502594596,0.0976450590589583,0.102981063988198,0.0921624930245711,0.090121637834833,0.101961646670452
0.907991937871565,0.439025621433361,0.0977843029201532,0.0998775809150835,0.0920488978794586,0.0914163922990839,0.103030857049642
0.933561310017471,0.43596317821,0.0978498953683768,0.0986106538320613,0.0918874069940502,0.0906862118675868,0.102169633556409
0.961130576352271,0.437698795020259,0.0978498953683768,0.0995964401970612,0.0918040108816819,0.0909164481026644,0.102616562034776
0.994893146540537,0.446488215631781,0.098804866536175,0.100791973586283,0.0918555594307996,0.0918206589471735,0.104034009951609
1.03925171048669,0.456348799370844,0.0977239048548119,0.100414290364333,0.0919605561756013,0.0918153576078867,0.10343307756706
1.09434441817188,0.463234687478427,0.0977989536827463,0.0997866699221363,0.0921364467075727,0.0919927897135778,0.104905726841616
1.15106486732036,0.466837056392377,0.0976921619232464,0.0991130533852291,0.0922564894905115,0.0936107747397384,0.104520240420593
1.21027519303255,0.466356170305512,0.0976682663689847,0.0981825497582585,0.092314736793116,0.0930276832217857,0.104276994977865
1.25537129582357,0.464373043710111,0.0987200311568292,0.0972923456103281,0.0924609305246796,0.0943815801713439,0.104858723958187
1.28118204258366,0.46344093356668,0.0982384974886171,0.0968859677270604,0.0925675757997055,0.0936276483445177,0.106413767206325
1.29597398657351,0.466384712310505,0.0975223237535214,0.0967463285900395,0.0924403320314305,0.0936712448845291,0.10561459030897
1.31559349911506,0.46987787320724,0.0939136462985959,0.0967447870165247,0.0915798618861302,0.0939421386717457,0.105672086588568
1.34321258420955,0.467443168988262,0.0903456682477649,0.0968038946245297,0.0903706542968968,0.0930115257624115,0.106210972377268
1.361126124438,0.44884431931817,0.0861961937314292,0.0966982514880539,0.0896073358444595,0.0931609793529301,0.104842420014937
1.36351764554368,0.423037131809075,0.0847864025297394,0.0963776692710611,0.0895749883742735,0.0910311174664983,0.105450904483045
1.34609804833265,0.399551626730889,0.0850389811197981,0.0963852260047409,0.0898816336495339,0.0916233072916684,0.104489734467873
1.31326083080861,0.374748131389455,0.0825075776599468,0.0967709681920438,0.0893978073846538,0.0900672619047449,0.104609026227805
1.27580458473284,0.34156967305059,0.0820542340959958,0.0968011300220549,0.0885966959635175,0.08903480515256,0.10562389322926
1.23429353647306,0.294350658009951,0.0813282063802145,0.0965878696988674,0.0879455752418465,0.0884781854538853,0.104519180152755
1.19119588872643,0.248915589332188,0.0812981747581917,0.0967405482703735,0.0874623930431282,0.0874965239025336,0.104903417968661
1.15497471006331,0.218185257335649,0.0823683221726269,0.100250520833299,0.0874559430803292,0.0884291410900246,0.105161558314567
1.13140861009213,0.191750528799942,0.0819117536272351,0.105802053106456,0.0855218773251617,0.0878441499256115,0.10410624534958
1.12197332152133,0.165058883661562,0.0835122209821323,0.108035686384221,0.0806655273437672,0.0867357886904356,0.104847674851226
1.11980435556873,0.139647172202821,0.0841125116257265,0.109609356398654,0.077071335565486,0.0827478794642941,0.10352637416307
1.12143434690817,0.114341179286591,0.0847282412574192,0.110220784505402,0.0755049223400258,0.0819590122767923,0.103152343749871
1.1281131362945,0.0847131499534273,0.0854990536644412,0.110776113746221,0.0752324428013094,0.082401639229908,0.103924974423339
1.14253991374466,0.0543484728223313,0.0867170851934716,0.11143998790938,0.0749035086495748,0.0817917131696451,0.102691871279697
1.15723468759452,0.025653565108608,0.089491659691249,0.112087562778852,0.0739844587053674,0.0817917131696451,0.102691871279697
1.17161101134788,-0.0130391685240062,0.0916896554129667,0.113231108165614,0.0724607514880706,0.0823395531064018,0.102955671038042
1.18748091862442,-0.0647998486291831,0.0968488792782992,0.114899174572113,0.0709325009300268,0.0806749651228,0.102602132161687
1.20249731459326,-0.128869707043038,0.103723593284767,0.116557389322803,0.0694680059523749,0.0800779087611695,0.10275832170735
1.21246323369752,-0.189441852592951,0.106262451172144,0.118039318266359,0.0704060430617524,0.0782215169270592,0.10476775018606
1.21562711972237,-0.241479915733973,0.107998869977604,0.119264755394489,0.0702549711681436,0.0784178687685999,0.104837000093244
1.20693685803059,-0.282898978245049,0.109161404854699,0.12013550734752,0.0714042433965902,0.0799016787574676,0.10511649228076
1.18865651637622,-0.322058774550856,0.109161404854699,0.120842117745278,0.0725523018973395,0.0806932245163871,0.106402899460853
1.16594454215814,-0.356356201548752,0.111680343191839,0.121366889880834,0.0743336518787374,0.082775453404014,0.105972953869054
1.13428121155523,-0.386296500431975,0.112619733537734,0.121798665364283,0.0772228283110262,0.0833882975260264,0.107961279296858
1.08859314185693,-0.413120585457057,0.114259249442096,0.122288939267391,0.0809620768229382,0.0868993954612949,0.107971168154554
1.04327546246553,-0.437941948803962,0.115707219587015,0.122722219122114,0.087697742280532,0.0895393624441948,0.10869683779743
1.0026091122305,-0.459291621312405,0.116590473865212,0.122969756789511,0.0904499209449367,0.0934119791666582,0.110165083240048
0.962571712151746,-0.484119894413517,0.118181412760681,0.123090050687942,0.0905809640066896,0.094301790364381,0.109470152064912
0.929753127925264,-0.501130017308603,0.117541076079022,0.123158544922178,0.0912331240699085,0.0943335309711499,0.109741190011159
0.904315117995275,-0.516960033477883,0.117926855468622,0.123278587704424,0.0921515206473189,0.0960502092633775,0.110973897879712
0.887852170945554,-0.533138124592062,0.118174644252066,0.123345684523933,0.0928813802083216,0.0958339471726593,0.110220217168867
0.874702860650371,-0.545200467093775,0.118373032923772,0.123370331101213,0.0932163620721295,0.0972714913504812,0.111494122023869
0.86735089399554,-0.56384762758161,0.119069254557036,0.123403180803459,0.0929976632254585,0.0966654017857363,0.110747391182787
0.859947407295498,-0.589149333592716,0.118839557756969,0.123487974330485,0.092836209542431,0.0970099841892454,0.111073274739863
0.842404194065141,-0.617855758889228,0.119801371837543,0.123508572823704,0.0931685407367716,0.0978032505580321,0.111073274739863
0.815898907688736,-0.650317069203862,0.119245935639788,0.123549518694072,0.0940001023062829,0.0978778343564403,0.112419326637015
0.780780825673634,-0.691707342063463,0.119472874813667,0.123586416480678,0.0948877627416212,0.0978778343564403,0.111697242373201
0.738793239451074,-0.742659286332108,0.119720412481536,0.123688762556109,0.0953554338729329,0.0995431059340384,0.11227986886152
0.704772826335601,-0.790570065218058,0.120178590030023,0.123510865420421,0.0959174990701794,0.0992836402531643,0.112928194754675
0.674488666248297,-0.823701189825455,0.121573790922577,0.123389067150417,0.0965709123884895,0.101000962611377,0.112631150018673
0.645669235249237,-0.843816656222222,0.120841710844625,0.123297467912854,0.0972082775298304,0.100733400762464,0.114120996094006
0.620441474007451,-0.857183847076376,0.121048302641654,0.123377962239749,0.0977753929502747,0.101518105933656,0.113315120442899
0.600222786626347,-0.866631226016743,0.121205494326278,0.123512155877592,0.0982263695126497,0.102543863932542,0.113475213913592
0.578089060741257,-0.873218859768468,0.121103148251548,0.123618801153453,0.0984068103609596,0.102323516555118,0.114531277901407
0.558481354281605,-0.876293103123981,0.121317943173543,0.12355865420418,0.0983263160340127,0.103305784970415,0.113202171688963
0.544526012260102,-0.878193896619073,0.120776262555616,0.123744898623473,0.0981705217635584,0.10228661876877,0.113531815010865
0.536424043347371,-0.874820556237204,0.12144669131331,0.12396804082966,0.0980243280319535,0.103033744884923,0.113001383463385
0.525343109482898,-0.866560364214316,0.120476925223253,0.124169187128199,0.0978577869232412,0.102035428292656,0.112503550502103
0.511776636452883,-0.853620500405375,0.12024038550968,0.124266482979735,0.0974303106398775,0.101792189824905,0.113198732794255
0.496144089988142,-0.832992113181449,0.119913499814335,0.124162488374507,0.0962627650671565,0.101770803106532,0.111117664155777
0.477728465198051,-0.812204474894338,0.119690608724218,0.123993045479855,0.0953301106768736,0.100695000930113,0.109145924014205
0.468128505048245,-0.788313274222019,0.120492436291196,0.123925948660934,0.0948928896949347,0.101365787760349,0.108530482700801
0.475907104104487,-0.759881599195374,0.1192779273626,0.123838504464276,0.095166541108816,0.100118284970274,0.10660219959073
0.495957230155455,-0.724236159997874,0.119053387742098,0.123718210565661,0.0948123209638129,0.100586528087583,0.106303471447009
0.524513795094017,-0.674085060901352,0.119053387742098,0.123611565290099,0.0937350841703027,0.0993582263763507,0.106303471447009
0.550751965765649,-0.60984934562008,0.11893449125721,0.123504920015238,0.0925884579612666,0.0990670921689953,0.103974758184794
0.566262877746258,-0.553484294865215,0.118887992931497,0.123481670852088,0.09142718098962,0.0994132859003362,0.102894656808185
0.572531319864109,-0.513929456548083,0.11928587937161,0.123534867931782,0.090532140532006,0.0987858096166495,0.103516794549911
0.572264221071957,-0.480814132409385,0.118735600353663,0.123421523902343,0.0897381928943419,0.0987858096166495,0.101935995628932
0.567943367315062,-0.45222187377045,0.119344484747114,0.12320823335192,0.0887224632626549,0.0995833379834984,0.100101392764326
0.552465947548057,-0.428054699410627,0.118306368582932,0.123161735025919,0.0874541085379688,0.0983305338540949,0.0982576125369912
0.527681292898752,-0.402825895223197,0.118302715774122,0.123045740327619,0.0869823893229424,0.0989818684893689,0.0932122791111251
0.499795389400394,-0.376792745254122,0.118444110398143,0.122994942801198,0.0859396902901609,0.0980147530689252,0.088514776320704
0.472909768310486,-0.354454410964492,0.118638450985789,0.123008591424654,0.0843557361420884,0.0980559500560104,0.081733914620568
0.438514280215571,-0.33949361403171,0.119700067429248,0.123105636160707,0.0821928757440446,0.0985636346728771,0.0773655366443475
0.400257340560144,-0.319785300327252,0.118399511718965,0.12310158807676,0.0793562872023916,0.0973838378905006,0.0747762927827204
0.360395005082646,-0.299962468282318,0.117699888392938,0.123052439081312,0.0754784295944762,0.0972183710006032,0.0720639927455326
0.326405614076108,-0.27861771595977,0.116737825521154,0.12291584588932,0.072902743675627,0.0947254441031712,0.0706612792968536
0.299717114170019,-0.252387795941812,0.11599775623121,0.122639757719808,0.0712949242001698,0.0939821149553644,0.0672610839843866
0.28572437264815,-0.222708105913157,0.116102001953119,0.122504561941832,0.069708523995509,0.0917397321428339,0.0652122116815455
0.282194547380449,-0.187758264904823,0.115468829055037,0.122470314825157,0.0668326683407537,0.0903209216889802,0.0673316894531271
0.288354947861039,-0.147614167082648,0.116052064732099,0.122380219958868,0.0630864955357041,0.0886074288504349,0.0691859840029913
0.307649648998407,-0.10537119513172,0.114905905877673,0.122105529203785,0.0602158737909017,0.0863773693266274,0.0720268810453996
0.336252234931479,-0.0555966750415242,0.114893905784693,0.12173064081105,0.0588393670945097,0.0864735188802185,0.0748809523809724
0.354467828687704,-0.0112657856692745,0.114944452195055,0.121425751023353,0.0584010695684494,0.0853956031435906,0.0748288341704077
0.355423849809637,0.0033760968173604,0.115087995256567,0.121260105096692,0.0583624813988285,0.0867489606584786,0.0748288341704077
0.357324218943691,0.012876739095374,0.116298456101137,0.121273753720148,0.0584399972098335,0.086682007998506,0.0753340122768099
0.362381509157637,0.0133440591929375,0.115410581752403,0.121336551338938,0.0584661086309698,0.0879429850260055,0.0744591029576229
0.360804860878299,0.00602753673679973,0.115533526320397,0.121414646112271,0.0598235212053814,0.089378741164475,0.0724482026599806
0.354111671496912,-0.00158923132136558,0.115693619791678,0.121636139787959,0.062059070405481,0.0889890950520853,0.0711828473772491
0.341862808873274,-0.00609714421044057,0.115649772135596,0.121996126302034,0.0631868977864872,0.0904520345051975,0.0682665248325676
0.336240834257135,-0.00799512356853178,0.115513430059618,0.1222983654201,0.0632213657923993,0.0904520345051975,0.0682358305431671
0.340777480950089,0.00815933049415104,0.114937753441074,0.122496609932936,0.0638117815290029,0.0885116745721529,0.0710268136160668
0.356606298218799,0.0325064916538698,0.115470442708361,0.122417513020944,0.0634618745349591,0.0870269205728929,0.073480668712771
0.381748447982139,0.0663467242700642,0.114020647321429,0.122257670665802,0.0642266508556573,0.084054654947877,0.0802028041294498
0.407067406488081,0.108059043322698,0.113789660063225,0.122074579147994,0.0668328590029603,0.0813087472097954,0.0822969470795988
0.427031519522653,0.137537439297881,0.113749900018585,0.121907786923089,0.0712417712983877,0.0789660900297621,0.0839184733072806
0.440774178851661,0.164211101279269,0.113351829891956,0.12165759858606,0.075652492559511,0.0767263160342035,0.0860431384858872
0.44939654082608,0.186715922460859,0.112118333798626,0.121197021484311,0.0785672898065361,0.0766728562128298,0.0867845307849587
0.455923979893905,0.20900204650653,0.112184391276436,0.120720145089588,0.0811923758370911,0.0731924223400377,0.0880769182477623
0.453583910252989,0.23526568660697,0.11065664527503,0.120306066313243,0.0844895926339425,0.0713359212239333,0.0901933430989749
0.43884833867984,0.268407989660059,0.11042010556148,0.120055877976513,0.0879717052641342,0.0690000744047595,0.0906042689732264
0.414170817005276,0.310652104664214,0.109800330171359,0.119871389044091,0.0904307593936239,0.0692937127976306,0.0928472237723343
0.388983473970846,0.361709937636445,0.109146558779838,0.11952415597101,0.0918442010788926,0.0713888974144578,0.093397609747032
0.36215088309036,0.408785643695753,0.108733482142937,0.119026681082655,0.0926559175039449,0.0726480887277,0.0955129278276109
0.34040402228344,0.445471001468715,0.107915964471545,0.118603001767327,0.0933355887279424,0.0746514857701096,0.0955129278276109
0.330049508314234,0.473629092246789,0.108115213448832,0.118025927734366,0.0937394228979598,0.0734617838541629,0.0975430222282401
0.327128512533964,0.492154545399695,0.106713313802091,0.117242513021033,0.0939417154947563,0.0745248256138429,0.0971907040549162
0.330839212777793,0.506177040710787,0.106556122116685,0.116532893880073,0.0941250581288398,0.0753441359747091,0.0977446730841237
0.344988306935774,0.519694028004622,0.106150641740916,0.116378352864736,0.0940855096728479,0.0778877650669387,0.0986906877790579
0.372465871373134,0.533118565512621,0.105576720609829,0.116062967354746,0.093319684710082,0.0808901901971663,0.0980283551900126
0.409132733173909,0.544054034421682,0.1056346819196,0.115474000185994,0.0927988537014212,0.083048267764147,0.0990851702010023
0.451904856060937,0.555711448888377,0.103926602027671,0.114557145182431,0.0926174107145726,0.086740380859393,0.0980834495907134
0.504354946705573,0.56566255482933,0.103759163411448,0.11357584402898,0.0929148507256942,0.086740380859393,0.0981497930619325
0.568065612237731,0.570694042724918,0.10359971400686,0.112811881510554,0.0930406970795931,0.0881593308221812,0.099458944847304
0.634698827542692,0.568302928241576,0.10448672805081,0.11237974795411,0.0930227492559875,0.0908872233072704,0.0989188034785692
0.697146606302472,0.557528809801185,0.105431489490507,0.111979961867495,0.0933971354169132,0.0914326311384132,0.100512390718179
0.750290563374817,0.545198558622833,0.104962062872255,0.11095649646558,0.0941336565291391,0.092368831380203,0.102123423549123
0.796876445017835,0.537408755169295,0.105389360119178,0.109153271484202,0.0947294294087429,0.0936413736978247,0.102720091610872
0.837917100850143,0.536677793425739,0.10381447172618,0.106652034505287,0.0948660226003128,0.0935403157549494,0.10463311476924
0.873343533344498,0.543472511323037,0.103465090215675,0.104910709635233,0.0948168736048844,0.0947246256509427,0.104410904947866
0.910477764663006,0.559588334378796,0.10325785202733,0.104262878999481,0.0947540759860115,0.0940665922620059,0.105077822730523
0.948261331014567,0.578748070773203,0.103417047991021,0.102809230840774,0.094684328496747,0.0952606468565445,0.106505371093669
0.989345504575619,0.597637302611414,0.104410563150866,0.102261204892061,0.0947032784600768,0.0947255580357329,0.105872986421168
1.03703398758712,0.616471958772608,0.103592041015541,0.102051067243337,0.0947591262091681,0.0950768391929163,0.107115543619725
1.09086935863829,0.634454980387376,0.103310363188513,0.101184507533497,0.0948053734188115,0.0961172479537967,0.107115543619725
1.15233607832323,0.653206296065102,0.10253414946064,0.0998518182664697,0.0946313802080457,0.0958247512087989,0.106566410900259
1.21848446957777,0.669249353383438,0.101104840960086,0.0983690290181188,0.0939171037948084,0.0969517089843034,0.106691503906343
1.27289385420028,0.672747948652439,0.0979533342635178,0.0955595958891531,0.0933013764879412,0.0958131440662915,0.107911063058149
1.30696410251487,0.66171079810992,0.0979533342635178,0.0933587681363957,0.092958942522432,0.096370728701605,0.106900995163679
1.32539859104741,0.640858742401921,0.0972803641185781,0.0933863909040226,0.0933036318823456,0.0954827101937321,0.107073839750816
1.3308653642233,0.618546291244769,0.0977423060828286,0.0935318336123744,0.0935416759672744,0.0954827101937321,0.108180701264745
1.31460181160754,0.59254482817184,0.0951015043710673,0.0938042689732047,0.0933887834820067,0.0957426060265491,0.107225730096946
1.29646486030015,0.556662910784146,0.0930801897321512,0.0937716703870058,0.0929389532178777,0.0944788039433743,0.108311742001496
1.28238440604772,0.515099024628666,0.0906007998511796,0.0933540434337779,0.0923209333145186,0.0946429082958691,0.107311669921702
1.26686385579398,0.467566567415405,0.0898502487909384,0.0922565987723133,0.0915265206473386,0.0946429082958691,0.107226518322071
1.24978863284757,0.418367395836157,0.0894267717633942,0.0908639857701236,0.0910410458519523,0.0929982700894278,0.108281935918666
1.23673215259868,0.379635327028689,0.0847404994419982,0.0910281994047647,0.0909071033296034,0.0935288085939594,0.10761125604544
1.22840574761594,0.347670077477081,0.0819644996279415,0.0952128580729086,0.0909928989955436,0.0928708821614569,0.107442564173961
1.2209375788863,0.316789248588306,0.0786172758556448,0.100556261625884,0.0897582473028308,0.0932797665552179,0.107925997488809
1.21908717881003,0.289132543996068,0.0774642299107041,0.102647607421751,0.0864212076822888,0.0926229887462977,0.106998574684053
1.22685890264792,0.257503743007671,0.0783221493675436,0.10368185453852,0.083091531808021,0.0893709449404508,0.107792950149017
1.23661128867346,0.217666941507118,0.0788446963355565,0.104150778925087,0.0817384254092343,0.0892234584263609,0.106531296503184
1.24661677692718,0.166362143443905,0.0805315708705484,0.104571807570948,0.0811052943638291,0.0878440522693256,0.106166866629463
1.26122713541317,0.107126112866478,0.0810878022693235,0.105340571521575,0.0799420851934627,0.0881629464286057,0.106684507533534
1.28640626806368,0.0380978783319235,0.0841080915178181,0.106945482235919,0.078835579427067,0.0865184105283012,0.105785000465284
1.31649530891643,-0.0349562749169384,0.0908203729538401,0.109920947265755,0.0777118350074423,0.0841639601934459,0.105319359189236
1.33567027328392,-0.0979877637569734,0.0987358700707067,0.112621040271802,0.0761261811755794,0.0822514718192042,0.105340562221018
1.33539156870456,-0.143779728729553,0.102522767857176,0.114567236328127,0.0743502278646076,0.0785343703496652,0.105636353701645
1.32385857269919,-0.171136917490748,0.103199969773325,0.115916369047314,0.0706240234374948,0.0804075102306881,0.105319573102681
1.30637288573098,-0.193465111475118,0.10526567382829,0.116955668712754,0.0689810779389801,0.0798693173362995,0.106034207589058
1.28273205139491,-0.218376713770459,0.106670944940271,0.117860274832427,0.0695704729352393,0.0806126348586205,0.104920647321478
1.24555042607815,-0.244199233343165,0.108843080357304,0.118576881045349,0.07029101097471,0.0800929827008934,0.105063044084595
1.19018199355103,-0.27223901806901,0.111034309895953,0.11925633835542,0.0714372791108642,0.0810296595982056,0.10656199079229
1.12870539422821,-0.30570218237262,0.11317724841891,0.119813602120193,0.0741934849330356,0.0838805780319796,0.106377539062665
1.07297293349597,-0.342533905229502,0.116045568266357,0.120603106398407,0.0783156877790261,0.086935532924101,0.107913132440597
1.03158239688661,-0.377990709182415,0.116017699032957,0.121267122395998,0.0849518368675808,0.0923920944940477,0.10781952892514
0.99635445866881,-0.419361725244574,0.116757912481495,0.121755247860915,0.0883965820312719,0.0921290504092425,0.108345054408603
0.975853365778661,-0.457547629558837,0.117350283668388,0.122049283854014,0.0884881835937608,0.0920526018415484,0.10989429641011
0.954283086949271,-0.491387760021525,0.117951002138875,0.122577064732415,0.0889537062872199,0.0931622581845229,0.109421003068908
0.932113361325387,-0.523254812395124,0.119099955822091,0.123020196242429,0.089565564546145,0.0930542526971496,0.110095768229564
0.915344997322235,-0.553073971844131,0.119013802083191,0.123426429966311,0.0901878115699645,0.0939562081472945,0.112018143135994
0.9031864690786,-0.588728128372776,0.119013802083191,0.1236370698474,0.0913258393787187,0.0957566778273054,0.111754092262017
0.894335849320584,-0.631355720739908,0.11997246326258,0.123787311662848,0.0928426595052,0.0963700776600491,0.113215387834902
0.883754273931148,-0.675439850753515,0.119890357607741,0.123884607514797,0.0947346191408216,0.0989980933782521,0.112606503440818
0.869349079903375,-0.721254692707265,0.120200692894515,0.124007552083333,0.0961279947914791,0.0998123535158627,0.112760293433644
0.852549644360356,-0.757150934394466,0.120397684151562,0.124124944196061,0.0968435988653625,0.101462974330281,0.112760293433644
0.837212623929437,-0.782355827351182,0.120534277343554,0.124198990885632,0.0973043201262827,0.101214971633392,0.113728913225653
0.819024737209946,-0.795184055412784,0.121687637183859,0.124216938709219,0.097675948660585,0.101506105840718,0.112621800595636
0.790263095246574,-0.797774943712009,0.120628671410273,0.124200639416131,0.097863088262528,0.102326776413426,0.11269344773077
0.753151108557276,-0.784952558026282,0.120662918526948,0.124227936663043,0.0979299339660189,0.101787890624755,0.113273530506048
0.711501034185773,-0.7550757183629,0.120662667410579,0.124251185825894,0.0978973353792331,0.102943650018539,0.112224416387709
0.669391362459262,-0.71944419235246,0.12069981631337,0.124281384858508,0.0977401436944325,0.10217467215387,0.112976592727246
0.628121227121967,-0.690829794262716,0.121249448939606,0.124279736328009,0.0975393554690037,0.103022639974089,0.111792031714884
0.591612343561005,-0.675997771855256,0.120783212425379,0.12428403552814,0.0974559593562832,0.10235511300218,0.111399948846542
0.564902987267834,-0.67267879631459,0.12144669131331,0.124327883184211,0.0974217122395781,0.102393659319035,0.112132280041072
0.544952771362474,-0.676473912686294,0.120910456194345,0.124348481677729,0.0974569614954203,0.103138885788551,0.110964269438189
0.530904984631707,-0.673613215371306,0.120958603050547,0.124405977957842,0.0972424176895255,0.102563102213502,0.111236811755793
0.506263466496535,-0.672136893997311,0.12103504929338,0.124436176990457,0.0967716308596127,0.103714813523285,0.111158968099106
0.469617082480039,-0.676167179011877,0.121102146112416,0.124482675316159,0.0967658272880655,0.102924235026241,0.110339946056406
0.427763280514516,-0.682577606949623,0.122193710472362,0.124503022693308,0.0972605073474733,0.102924235026241,0.11068083844849
0.382404275965507,-0.691492969696079,0.121134744698592,0.124500372023676,0.0980957217263407,0.103775104631646,0.108219328961907
0.334499680830454,-0.696706377024673,0.12117594168503,0.12448672340022,0.0982654157363812,0.103262118675481,0.106017966424958
0.295709620396811,-0.697666569253348,0.121073595610186,0.12453031994022,0.0981328706288194,0.103296365792186,0.104920168340915
0.2635987178453,-0.689006580780453,0.120920452009036,0.124477122860825,0.0979363816035815,0.103960095796225,0.101547249348745
0.235376238288322,-0.67496544974748,0.121217892019978,0.124230982607857,0.0975482026600496,0.103056029110766,0.0993871140251178
0.211884320027733,-0.655817687755963,0.120657010323733,0.123765999348833,0.096955371093702,0.103700916108507,0.0993871140251178
0.193700120273382,-0.627037507744847,0.121212195405418,0.123423960658758,0.095959702845965,0.102448111979103,0.0964573567708768
0.181347643303497,-0.587123085549525,0.120485918898697,0.123149018787306,0.0949218680245711,0.102974997674855,0.093988750930086
0.179236622542401,-0.544057065010871,0.120332775297433,0.123021775018525,0.0932393252418357,0.102020384579621,0.0908331566220224
0.186479218857103,-0.493707016059855,0.120212481398817,0.123005475725437,0.0901292712983513,0.10159935593376,0.0838847516741131
0.199518751423223,-0.44028880592371,0.120040387834833,0.122980578032086,0.0834735374813863,0.101911804780638,0.0800255603608732
0.213452141716199,-0.386097369533771,0.120969459170593,0.12294797944591,0.0784150088355485,0.100727852957826,0.0773183012462528
0.227733890949938,-0.341230110664877,0.119690504092408,0.123213571893739,0.0764169433593776,0.101216694568366,0.0705303757440293
0.239080436888545,-0.30743541357272,0.119690504092408,0.123328420293979,0.0763526715959726,0.0996128603979504,0.0666642392113227
0.247778987326353,-0.282076359147746,0.119504510788897,0.123447567894524,0.0773978492373547,0.100001504371027,0.0621857398623705
0.255354898802044,-0.263019589619645,0.119228422619408,0.123459819103666,0.0781391392299361,0.0990511904759429,0.0612210867745226
0.258152619428171,-0.243830910159796,0.119039778645989,0.123371121651691,0.0782248628162219,0.0985048177084734,0.0625920293898667
0.254793499502607,-0.221759524101874,0.119268222191441,0.123304024832769,0.0768266717820225,0.0986476795017449,0.0628820591517825
0.247652940357311,-0.196605262279467,0.118715938894928,0.123310974702533,0.0747908877418237,0.0977242675783225,0.0645648297991002
0.234316989480434,-0.165565841700163,0.119256473213944,0.12330427594884,0.0724203450520729,0.0984152576265685,0.0678223167782786
0.217154052792735,-0.126118147132848,0.118221509951501,0.123294926525515,0.0699648739769168,0.0969296735488898,0.0706142833891118
0.198172448184874,-0.0800968850855762,0.117941373697928,0.123251078868858,0.0675091889880817,0.0969296735488898,0.0755149995349831
0.175037554116852,-0.0318957770640692,0.11764468703461,0.12325372953849,0.0652754650297805,0.0967726585753863,0.0788511648995797
0.150382627992994,0.0170252202561631,0.117211407179819,0.123230480375638,0.0641513020833456,0.0947589704242909,0.0824191359747006
0.127484576539573,0.0643677736572359,0.117820291573914,0.123136086309506,0.0643157063802308,0.0926330496651682,0.0860199567522276
0.11375598169655,0.104529139474642,0.116009758649603,0.123006191871093,0.0652965866815177,0.0914322637648534,0.0860199567522276
0.1013624560016,0.135051241460168,0.114816457403245,0.122757652064563,0.0663442359561097,0.08876538085936,0.0881554036458374
0.081827631775929,0.160901267913841,0.113714253162091,0.122391469028762,0.0681534481957288,0.0876342261904942,0.0910324311755826
0.0845634873035355,0.179671528964069,0.113032182384699,0.122084035528277,0.0711493047805105,0.0846989443824519,0.0930799014137211
0.107800191914539,0.192005776093825,0.112785897972563,0.121803899274705,0.0744265206473026,0.083285077194921,0.0935487537202473
0.137934037338868,0.209003881519781,0.111359207589325,0.121604508463808,0.0771466238839413,0.0792639718191707,0.0948830543154587
0.173850376515881,0.227199728781421,0.110947886439305,0.121205475725348,0.0803498744419777,0.0747051850818277,0.0933737560453902
0.216153768649036,0.247517071180345,0.109563539341728,0.120802394903239,0.0842315034411917,0.0715187058221569,0.0926472284226148
0.268075410483994,0.273983439487129,0.108824328031741,0.120408663504456,0.0861293782552087,0.0676281668526969,0.0928381301153209
0.332018259354649,0.306616155420385,0.108145012555511,0.11997968284975,0.0849777343749944,0.067870624069915,0.091218533761134
0.405434683605533,0.345978089395766,0.107367650204585,0.119488906715088,0.0830185663132257,0.0670049083891085,0.0915541224888698
0.477192304379297,0.389739385685763,0.107443308221801,0.119141924758077,0.0816262672060977,0.0679671293712826,0.0898161272321349
0.523269421282217,0.426813305912595,0.104987351190712,0.118567752510818,0.0807189034598207,0.0679342866443354,0.0842588634672569
0.553312169077556,0.439524011772966,0.103261216517611,0.117735691034292,0.0801269275483525,0.0683631231398714,0.0825741420200806
0.582160429584166,0.425520427090669,0.101650281342749,0.117190320405609,0.0799535830543281,0.0694734212239762,0.0833921572730819
0.611058398418007,0.397616929468692,0.101129945591401,0.116760586402427,0.0798687941778042,0.0690407807849593,0.0861403227306281
0.639402698413241,0.361016811681898,0.10124099469879,0.116546793619599,0.0790667829241083,0.072368357049862,0.0879345563616366
0.666076184761098,0.313125477977611,0.100522274925719,0.116320749628297,0.0773553036644438,0.0708332589285689,0.0875948102678583
0.692744522869448,0.256573267315728,0.100418245442417,0.116044015066589,0.0757571335565459,0.0708332589285689,0.0892676409040029
0.721359341203011,0.193018160996454,0.0985421595984787,0.115498644438436,0.0755190173921039,0.0718638950893057,0.0892138718377831
0.743543692532027,0.124561654999087,0.0973215611048317,0.114787878999152,0.0761164736792998,0.0724397158667947,0.090427162388398
0.756268361106453,0.0721897145186563,0.0973215611048317,0.114061065383115,0.0760011230468656,0.0732212983631231,0.090427162388398
0.76795644850684,0.0410645594420276,0.0966158458891894,0.114095670573061,0.0753803455171467,0.0743311662946568,0.0919339518229304
0.774092621156105,0.0240306703164588,0.0963558058966766,0.114292517670893,0.0751106724330429,0.0739882300967112,0.0911048270089611
0.776972031810527,0.0247751911011319,0.0971983282179017,0.114294022042201,0.0749559640067295,0.0755415876115988,0.0913403645833255
0.770105145892789,0.0421369222976663,0.0959167224702186,0.114167029390146,0.0769558175223467,0.0752001581100995,0.0925327706473578
0.758262432331973,0.0708664739449288,0.0959830682662159,0.114030436198097,0.0792510672433125,0.0759016462053514,0.0923137137277114
0.74826449888377,0.111464136099414,0.0960946591333591,0.114001885695948,0.0799468633742601,0.076239136904784,0.093114036923536
0.746097044566974,0.159607683331938,0.0963267950150618,0.113817540922649,0.0809611560639826,0.0768526064918045,0.0918921828497076
0.74775953093771,0.211018761521295,0.0966656831288232,0.113453006417289,0.081940766834091,0.0776919294084915,0.0919978259858312
0.752638054825457,0.258356240698487,0.0968717750183354,0.11324831426683,0.0831169759114428,0.0772187406994172,0.0931044363840995
0.757434644927952,0.29865522451608,0.0980737839471466,0.113201815941105,0.0839471028645965,0.077938820684525,0.091986325799817
0.765503215829712,0.329756912831222,0.0972247070313674,0.113125118582754,0.0845372884114625,0.0768333565847962,0.0919779785155891
0.775901122665208,0.347697409428205,0.0978145345050819,0.113148367745617,0.0847235328310734,0.0773832403273684,0.092311669921896
0.787526423471577,0.354423462973733,0.0985916875927441,0.113365957496435,0.0840301037016671,0.0766544945126745,0.0911725678943329
0.796469801843932,0.350776877050628,0.0991285691031707,0.113742887370013,0.0830280970982392,0.0761568847656477,0.0901569800967233
0.808041343929331,0.329095213398472,0.100374423363357,0.114376955450371,0.0826168131510525,0.0760921851748905,0.087836472284248
0.820966571583875,0.289459314296337,0.0995696940105959,0.114803285435399,0.0816216517857213,0.0739777994792028,0.0877813755580462
0.829909521928805,0.23808451497488,0.100176464844012,0.115213316127317,0.0790837286086355,0.0741026832217107,0.0887122000558048
0.836938037586247,0.179878184560214,0.100646891276007,0.115729992094439,0.0758050223214203,0.0716010277157687,0.0869481259300581
0.84524994557163,0.121499585123801,0.101899941871349,0.116239467076016,0.0735652111234933,0.0711569963728017,0.0860965750558163
0.848842116270797,0.066022413783768,0.104528238932546,0.11699243164063,0.0707268577938945,0.0711569963728017,0.0860965750558163
0.84241985146311,0.0204022795270714,0.107844745163407,0.118151127697352,0.0698083844866207,0.0728470842634088,0.0841403134300303
0.832253277555796,-0.0106436101232138,0.110992375836756,0.119230475725791,0.0696298851376835,0.0774983444940597,0.0803002232142749
0.822484274875848,-0.0355096744849343,0.110644928850147,0.119917847842378,0.067116476004488,0.0781568150111653,0.0776740118117589
0.810668462785734,-0.0638222432268637,0.111377046131173,0.120531568545576,0.0649824660528064,0.0787894833519398,0.0805780180431666
0.793058951322028,-0.0948417170929837,0.112269507998375,0.121040292503825,0.0654013067336719,0.0820466936384066,0.0836172037760423
0.764211191635042,-0.127591854837025,0.113352762276787,0.121408124070126,0.0678991373698029,0.0828681152343869,0.084842178199409
0.724912391013521,-0.166673389322402,0.116017422340184,0.1217364071799,0.0725987513950963,0.0857563174293478,0.0842465866815711
0.676087430207937,-0.214412485111719,0.116817385137826,0.122092989676306,0.0792550502232427,0.089209128534201,0.0865728352864697
0.619018288809509,-0.265002273028473,0.118399116443714,0.122162127976461,0.0849681384858877,0.0938592447917014,0.0894125790550868
0.565513406230825,-0.310938256326724,0.11903873697943,0.122216471353916,0.0899114281063723,0.0980642624628474,0.0956661621093227
0.521474564068302,-0.35842455235773,0.119455717541144,0.12223126627573,0.0920541503906498,0.0997576543897841,0.099386716424831
0.493107583453545,-0.401928413035685,0.119455717541144,0.12226261160729,0.0930621791294483,0.101502380952518,0.100946349516115
0.476026896656931,-0.453027415777234,0.119818103608667,0.122352957589063,0.0943707984563407,0.100812644158952,0.102997830635956
0.465843177128371,-0.509163783206764,0.119942696707702,0.122433703032326,0.0951574404762563,0.101924448939603,0.10601943359367
0.456434463992894,-0.56881035425579,0.12117515346,0.122627792503372,0.0956118931361147,0.101625899832311,0.107119594029139
0.443106794686883,-0.640001266841923,0.120382926432601,0.123046277436693,0.0964082403271045,0.101974530319822,0.109823339843619
0.42337316830671,-0.716344677013025,0.120579917689936,0.123478662109427,0.0975123790922578,0.103019238281439,0.11043369373154
0.400236550746197,-0.784833937951423,0.120719412667342,0.12389979771238,0.0985146368115224,0.10269604259689,0.11137265159963
0.376185277295198,-0.83161621948855,0.120705764043886,0.124183086867726,0.0987372767854676,0.103618164062359,0.112510714285969
0.352578582701148,-0.859695195591584,0.12164988141753,0.12421328590034,0.0985669387088545,0.102525202288016,0.112510714285969
0.337156187714946,-0.872535556384276,0.120712462797579,0.124250183686647,0.0985302920386362,0.103304926990387,0.11106421595999
0.331813506846654,-0.872279151844878,0.120849558222124,0.12427773204963,0.0985302920386362,0.103304926990387,0.111228213355553
0.334693574113793,-0.86249037303051,0.120570568266024,0.124254482886778,0.0982856561570658,0.10252785295766,0.111488253348047
0.340936582975374,-0.846666236224847,0.12033402855275,0.124147837611918,0.0978637323291304,0.102381659226085,0.110401095145341
0.35043666441058,-0.816153416533665,0.120149288504731,0.123971695963574,0.0972477190288123,0.102815548270266,0.110618898809664
0.372630807783406,-0.7693847478451,0.11988949962772,0.123732505580668,0.0965551153276504,0.101870284598339,0.108449132719646
0.406258013868366,-0.719705857773355,0.120684377325049,0.123595912388377,0.0959705543153151,0.102531219773019,0.107642719959088
0.446407191274427,-0.678582240528802,0.119374221075003,0.123472967819727,0.0953257393973043,0.1013412132625,0.108306556919531
0.476850491945132,-0.64635570283129,0.118920091610669,0.123236428106155,0.0949361630394077,0.101681210472409,0.106008149646406
0.501840402895593,-0.620565286229987,0.118409112258371,0.122926092819968,0.094823821149269,0.100393012928084,0.103634909784145
0.526013034006526,-0.590844891525528,0.117551795014637,0.122726450892816,0.0932435942150036,0.0999727376300381,0.0973594959078827
0.541327186731746,-0.558399777194349,0.117268364024949,0.1225035598027,0.0906250697544605,0.0990252534413082,0.0893749604724968
0.555755388201356,-0.530061841474572,0.115573430524217,0.122216724795434,0.0880609607514939,0.0965976678759696,0.0880982421875146
0.567849082839277,-0.494819167804602,0.115127253069077,0.122004687500215,0.0861145484560845,0.0965275971911667,0.0897986188616238
0.578136302496833,-0.438240144219968,0.114232140532231,0.121826897321485,0.0825959379650147,0.0942774065292442,0.0886220726376728
0.589394373599922,-0.360240314872321,0.11359466843372,0.121649107142941,0.0774225190661907,0.0932384998140131,0.0880276157924016
0.608013752047168,-0.269855291863559,0.1131690894718,0.121455017671124,0.0716190266927022,0.0906949869791767,0.0856900111607448
0.630754226608936,-0.192097898301676,0.112576718284607,0.121205831473228,0.0675133254278059,0.0890131254650541,0.0859598632812358
0.65707712199312,-0.143215195286903,0.113147307477379,0.12088449823263,0.0654198521205338,0.0880414225260555,0.0848332984560862
0.679746211869488,-0.11846035045,0.111388323102596,0.120557612537285,0.0641870372954026,0.0865983630951977,0.0852861351376265
0.694834447604599,-0.105506827562111,0.110154682849511,0.120383619326546,0.0637337355840828,0.0877859002976333,0.0852861351376265
0.703688187712797,-0.0941195006591427,0.108194942801386,0.120259026227984,0.0644774251302074,0.0854595238095431,0.0870839146205116
0.713849065443144,-0.0793821249650418,0.104434730747475,0.12003208705392,0.0668884998139875,0.0805617908295765,0.086907200985844
0.73054740518792,-0.0635648641894126,0.101360753813039,0.119284674944319,0.0680406063987926,0.0805617908295765,0.0874358770461202
0.758074413672839,-0.0446167470405851,0.101360753813039,0.117892340959474,0.0676800757998914,0.0756582891555422,0.088550188337071
0.794041751968957,-0.0215338201947768,0.0980827264694932,0.116369466145561,0.0692569731212669,0.0737982445126454,0.088161293247747
0.837192711800415,-0.00233359733038778,0.0969422247021889,0.114872991071181,0.0718538992745491,0.0738040876116288,0.0897441731770866
0.885734006832807,0.00804535002114676,0.0952014020649532,0.113651602027732,0.075203796967993,0.0736732677641432,0.0891411295572829
0.940431317447146,0.0156726477546085,0.0935415783111158,0.112501106770897,0.0762918898809737,0.0760448800223091,0.089926197451659
0.993733640196667,0.0255782108498625,0.0888546991257304,0.111469903273866,0.0776659226190618,0.0769564941406005,0.0934985142298759
1.0330614181649,0.041036849959724,0.0832599167596902,0.11021756417381,0.0801125697544209,0.0814515485491087,0.0979537365142776
1.06249026378108,0.0679760170200971,0.084179864211297,0.108590552920322,0.0817907040550598,0.0826290969122391,0.101112872023909
1.08362849876681,0.107289847060334,0.083548490978421,0.105163606771025,0.0829514043898603,0.0836721981956577,0.102521865699551
1.09964752062659,0.155233029039996,0.0832031784783987,0.103165999348836,0.0841069056919401,0.0855889183408097,0.102487762741966
1.11091329369348,0.216638091969543,0.0820293852306736,0.102648714192551,0.0855617466517894,0.0864060825892591,0.103555182756883
1.11236163690376,0.288729918995614,0.0824217285156057,0.102104382905454,0.0870119373139888,0.0887829055059126,0.102869959077499
1.1104451722918,0.361752476112865,0.0876689662388403,0.101334116908208,0.0885754766555084,0.0897634161086219,0.103443989490374
1.1097654152772,0.40981789933815,0.0937804827008283,0.0998549851187995,0.0904578078497306,0.0930539411274617,0.105334374999928
1.10855232029876,0.440025967544277,0.0979564964660396,0.0967546479727029,0.0917661063058111,0.0937184965587047,0.105061225818277
1.10866984027957,0.466130095445428,0.098210374813895,0.0912104468935994,0.0923978817896949,0.0939319312684225,0.106399325707026
1.11480978635314,0.490019464112951,0.0992230212983186,0.0886095633370707,0.0926344215031964,0.0948170479911387,0.106399325707026
1.1340109796314,0.512763956901117,0.100473460751488,0.0880443777901511,0.0928407621840422,0.0947675409225588,0.106322772507664
1.16591199968626,0.533743112209025,0.101804501488051,0.0870283947172737,0.0932069452193206,0.096314381045637,0.106748351469775
1.2114563813959,0.562032570016526,0.104218903460065,0.086304273623528,0.0936677734372623,0.0961631719682076,0.108442138671645
1.27349417394339,0.594739000045561,0.104695565940974,0.0826388044084606,0.0938138602118458,0.0978437034970936,0.10801659691222
1.34369368396041,0.637953689191853,0.105837462797877,0.081101964750748,0.0939954473584016,0.0977811918710433,0.108622867838759
1.4023208766171,0.68703742319129,0.106414536830281,0.0806843354724772,0.0945521740142738,0.0977811918710433,0.110498098028035
1.4363695255349,0.724677420943384,0.106485681733921,0.080373207310241,0.0954861886162583,0.0983949125742526,0.110190199497389
1.44525564576929,0.73924049969177,0.10698236839637,0.0800979747953923,0.0962804571242121,0.0992019345235466,0.111300964936815
1.43723686609498,0.742650889255375,0.105886755952414,0.0805248023623739,0.0963363048732919,0.0986616513204696,0.110147605096544
1.42490438976859,0.736599404408657,0.105963955543115,0.0817258742559336,0.0963200055801925,0.0995727748327132,0.109897667875896
1.40791011245084,0.728441870908716,0.105181938244282,0.0834525111607029,0.0962790597098245,0.0985608096169908,0.11072539527515
1.38848870905298,0.713337085163913,0.10464656343005,0.085416441127217,0.0960729701451203,0.0991782924107688,0.109439490327478
1.36092365500695,0.689158978291781,0.104404973493362,0.0874325265067067,0.0957247349328307,0.0980184849329652,0.109162004743579
1.32466429479286,0.656556287563759,0.104284428478163,0.0889114769345495,0.0954828938800424,0.0976413039432573,0.109438450985757
1.2876495189343,0.618769071966114,0.105374739583449,0.0909178594680252,0.0952904529387827,0.0977744582400895,0.10792990606387
1.25308252252602,0.58597436527968,0.104592768787016,0.0936902948290653,0.0951934082032047,0.0968941429503703,0.108157310268097
1.22468928416682,0.565267139816595,0.104231375557835,0.0962826427639636,0.0951608096170059,0.0975994280134414,0.10646037248912
1.19852778907135,0.553519897167801,0.104133828590015,0.0982765601746863,0.0950517647878797,0.0962282296316468,0.105911242094422
1.16353165425766,0.548440563696519,0.103907282365775,0.0993957124257345,0.0949697660901522,0.0967678687687083,0.106341585286227
1.12151903419942,0.555657763408896,0.104081670851792,0.100592206101257,0.0950013625372139,0.0956289109002839,0.106341585286227
1.07388385918083,0.575963477300584,0.105160126023237,0.101926043991926,0.0947112676710944,0.0954813197543029,0.104907984560787
1.01727403195619,0.602052063272982,0.104108756510643,0.10337093331478,0.0943583751861205,0.095759163411324,0.105026883370246
0.952091007143923,0.630470009302395,0.104323195684295,0.105172723679186,0.0942560291106573,0.0945150646392413,0.104645047433238
0.896971059398062,0.65515350787794,0.104599574498006,0.107176555524845,0.0945870698477317,0.094655275762858,0.103565736607148
0.871211991750392,0.671308655733183,0.105047902715534,0.108710893322126,0.0949964564731775,0.0928723981584914,0.104053431919442
0.857825961269725,0.680743954612662,0.105111595517121,0.109795400855895,0.0948011137461443,0.0931882486979379,0.102564841424938
0.84298357153872,0.676516320034413,0.105468178013562,0.110841506231331,0.0946041224886048,0.0916541596912272,0.101861672247302
0.822889333116381,0.661966936051041,0.106879678199152,0.11191351143986,0.0944974772135902,0.0916541596912272,0.102766599237556
0.797047115532176,0.640608881037164,0.105964004371215,0.113082561383889,0.0943223377045969,0.0906467052641375,0.10157129138775
0.76803410471341,0.609997961953814,0.106135595703084,0.113975020926254,0.0939355561754412,0.0891833263579063,0.102039534505071
0.740078611441106,0.572015230777117,0.106566476004512,0.114778783017299,0.093457031250024,0.0848938290550363,0.100849779110693
0.716082895842879,0.524912643312907,0.10738109189013,0.115658991350614,0.0930293038505415,0.0826423153831702,0.100453252883022
0.699718304904795,0.481010116131999,0.109012330263832,0.116558149646384,0.0927314708889362,0.0795296386718715,0.101277039155547
0.687269486187395,0.446154054964747,0.108829882812541,0.117431408109958,0.0925991768975045,0.0795913783482191,0.0996734561012617
0.677739606949053,0.420885526639336,0.109515106492015,0.118186021205578,0.0924647321427605,0.0785316848028337,0.0986787574404551
0.669608164304218,0.403492177993564,0.109194812593151,0.118728597004908,0.0923081845239156,0.0771503813244043,0.0986928734188393
0.651144749335372,0.391997316313399,0.109431747581939,0.119145577566956,0.0921523879278141,0.0757896763393125,0.0967707519533066
0.619808411569025,0.382361048075657,0.109926822916687,0.119546258835503,0.0913851609002571,0.0732223098028159,0.0972709495907992
0.576705744913788,0.37563734182759,0.110470045108212,0.119979538690638,0.0905300920758957,0.0728314174106917,0.096264285714375
0.528696064190599,0.372227847205518,0.11221108165942,0.120398918805835,0.0897900902157549,0.0706641834077374,0.0962987444197278
0.47633537961374,0.370855750781857,0.111766338820367,0.120862146577216,0.0890810453869282,0.0705177850632265,0.0965665248325231
0.420669459259241,0.366484737797413,0.112655252511122,0.121199779110902,0.0879624348958276,0.0704226353236297,0.0976559407551066
0.368510580681447,0.356681709045184,0.113558816964201,0.121616508556765,0.0872477655319659,0.0713525204612875,0.0964143856956459
0.326702000763535,0.340141668348877,0.114180740792411,0.121947442336172,0.0873057570684546,0.0734789457775133,0.0963249000185442
0.295853010371053,0.316739962124764,0.115391094680067,0.122081384858645,0.0865476236979408,0.0749052943638193,0.095294270833224
0.281853440784814,0.285403574620621,0.11530443870905,0.122264727492709,0.084620979817715,0.0787892206101516,0.0911102074032298
0.285101082632321,0.245038389301417,0.11625185081851,0.122391720144832,0.0813028273809381,0.0821371210007617,0.0898275227864864
0.30109781272833,0.196167922888471,0.11622254696785,0.12239551711341,0.0754461518787391,0.0861163829985272,0.0861920549665312
0.332590095045329,0.146531079202798,0.11622254696785,0.122402215867103,0.0693153785342074,0.0869866350446478,0.0829854654948184
0.375723354635299,0.105540594649001,0.116707626487941,0.122488011532674,0.0654554106212916,0.0869866350446478,0.0801043573288643
0.411237569103386,0.0782799707622551,0.117198258463677,0.1225999581475,0.0635622721354044,0.0884761625743675,0.0759083961123344
0.43413390749255,0.0569573227518969,0.11729390578507,0.122639506603439,0.0633426781063878,0.0903110235304858,0.0757788132440352
0.450599404363343,0.0375958826401007,0.118332021949309,0.122711904761923,0.0630317196800332,0.0903766531808082,0.0753224353608512
0.462548572178835,0.0197569502568137,0.117117261904619,0.122610560826028,0.0621656505766278,0.0918062453496998,0.0675342633928866
0.470606643764443,-0.00288379013060679,0.116888423083929,0.122055231584644,0.0608444266182826,0.0910825125557941,0.0644422688801899
0.473396761497932,-0.0276168337837166,0.11670608258954,0.121566999162769,0.0610775692894015,0.0922513137091073,0.0643139462425397
0.474931081590442,-0.055611108535567,0.116589441499401,0.121103018042878,0.0626415039062188,0.0919341029576069,0.0654926013765037
0.475406873005368,-0.0871040649330903,0.117155373418783,0.120741634114787,0.065106210472484,0.0925832542782657,0.0683416550408859
0.475162250867013,-0.127524246112851,0.116581594121959,0.120637388393189,0.0678041643415359,0.0939557803196613,0.0712475213913503
0.475708494960655,-0.173222020471761,0.117128576078598,0.120582542782707,0.0712351027715612,0.0940753580730142,0.0780595749627969
0.481449246086398,-0.218463484773407,0.116237762742182,0.120534395926207,0.0751235002790437,0.0949230375744172,0.0780595749627969
0.499237163379675,-0.255423311625156,0.115451302083403,0.120486500186076,0.0771534621465945,0.0931506184895626,0.0842833589099866
0.522946560745383,-0.285860298468579,0.114246212332467,0.120544103422746,0.077139390345949,0.0927910621279694,0.0931267299108414
0.554217584143587,-0.308384276306166,0.113207663690711,0.12041166527166,0.0761241327195117,0.0896886114211463,0.0976869745161481
0.59677741139931,-0.327098993115173,0.113385021391393,0.120209228515651,0.075180877976185,0.0881053013392654,0.0971244070872283
0.649987119876224,-0.336826911901712,0.111307854352382,0.119957893880562,0.0742362258184823,0.0871256091889845,0.0971226143976018
0.708001199239524,-0.331922595625399,0.110419547526441,0.119625813802211,0.0726993071056286,0.0854447172618868,0.0980790876114138
0.768099393971033,-0.314596518364913,0.109780678013553,0.11931673177064,0.0719608840215885,0.0857324474516191,0.0975178455171695
0.819444050648031,-0.295326891731011,0.109270556640476,0.119171791295043,0.0722367582775387,0.0845855724516255,0.0995358654206327
0.84436352067822,-0.29009154063316,0.109436058407975,0.118951801990042,0.0727606724330047,0.0850739118303458,0.0998095889139336
0.861848116228651,-0.299899224650918,0.108812486049199,0.118880657087059,0.0735261765252647,0.0844127255394177,0.10061460425957
0.886547443017321,-0.311169850541383,0.109476718284941,0.118957605561561,0.0735876511346936,0.0848974841890118,0.102410235305218
0.926177955132338,-0.318934508707399,0.10940496651803,0.119161546688843,0.0736435360862832,0.0848974841890118,0.102269128999485
0.967542286986233,-0.332489698686706,0.110192431640492,0.119517127046117,0.0741303013392591,0.0849573125929946,0.103283533296192
1.01262219216191,-0.35907046022329,0.110732107979832,0.119879406157083,0.0758547526041758,0.0843675223213964,0.104814720516964
1.05899207050004,-0.394841392894421,0.111200388299797,0.120182791573507,0.0764985653831668,0.0852144182477505,0.104815508742646
1.10740622475648,-0.435300757211791,0.112990718006129,0.120395831008158,0.0766977050781481,0.0837799944196431,0.106516494605661
1.1540408406787,-0.466868929493605,0.112310437592981,0.120647416759615,0.0775452008928549,0.0848161342076028,0.106020703124722
1.19850540349418,-0.485426889994028,0.112416580636333,0.120718561663185,0.0785127441406035,0.0842952985490852,0.10581601097497
1.24249019625029,-0.491246184370402,0.112360230654832,0.120700613839597,0.0805187337239542,0.0849299176897483,0.105975711495718
1.2867707285937,-0.488269660687084,0.111957900855763,0.120770612444221,0.0811072870163812,0.0867004324776699,0.105975711495718
1.33038438499422,-0.481920208475457,0.111957900855763,0.120837709263143,0.081565211123489,0.0867458217075899,0.103037683686837
1.3707873755103,-0.469180693450186,0.111828113374309,0.120820012555925,0.081887941778317,0.0881492629278154,0.100009951636953
1.40671138802841,-0.446936088217566,0.110577671596271,0.120754420107804,0.0821630278087793,0.0877405598958491,0.0983271972656048
1.44566292622254,-0.411431730145607,0.110333393787307,0.120501688057988,0.082478557477684,0.0894142880394344,0.102765718005842
1.48823721104841,-0.37554775748527,0.109092947823915,0.120123109653934,0.0829922247023916,0.0897090099516199,0.108191262091039
1.52737835751502,-0.346897764337461,0.108935505022367,0.11970018136137,0.0837932291666827,0.0912772670200821,0.108910016740886
1.54897000980457,-0.326158930004072,0.108423379371027,0.119221405319963,0.0849155668712784,0.0933139485677069,0.10949884207605
1.55724646922796,-0.312233254181394,0.107235344586845,0.118747679501566,0.0854928176153154,0.0930381487164425,0.110786753627062
1.56717349324053,-0.299543928801774,0.107239678664597,0.118460842168966,0.0852031156994046,0.0945195405504059,0.110188367280351
1.58247786667762,-0.287932328714064,0.105468443080357,0.118040457589075,0.0853562965030074,0.0939984956288878,0.11189340355293
1.60665663205594,-0.278946231643636,0.103209302920529,0.11729938616054,0.0863416480654619,0.0955306849887859,0.111732345145048
1.64073454681972,-0.268946448602567,0.10099424060664,0.116389478701603,0.0872884533109916,0.0953150320873495,0.112383610026185
1.68280147142813,-0.254718325561687,0.0992390345981694,0.115551218377834,0.0881044666108512,0.0961986490888001,0.113833907645257
1.72693465686826,-0.237717878628274,0.0975403878346629,0.114943945312834,0.0892176664806709,0.0961986490888001,0.112841287667576
1.76985038688375,-0.214341789076926,0.0969182105654663,0.114417166573278,0.090829668898827,0.0976215494789757,0.112875534784251
1.80133335190044,-0.19337752162057,0.096370724051382,0.113872440011032,0.0922560058594199,0.0977477934340544,0.113893303571342
1.81981334540382,-0.172293887429471,0.0880309523809462,0.113191371372808,0.0929531366255311,0.0988314057850907,0.112669194103327
1.82915124788103,-0.148196549678977,0.0765894507998751,0.112244675409005,0.0926967099142751,0.0976082984561239,0.113429322451496
1.82911986833094,-0.118089674259891,0.0689319242931782,0.111131689452955,0.092057047526292,0.0981311360678441,0.112016317893981
1.81701741588785,-0.0849393662296853,0.067984928385427,0.110540322730343,0.0917333147321807,0.0968042852490677,0.112016317893981
1.7908735206606,-0.0539576341057961,0.067531280226921,0.110196242559621,0.0916784714471807,0.0965198497953866,0.111688178943387
1.75163764588784,-0.0299883675569448,0.0643274274553831,0.109287088448469,0.0914052850632848,0.0964983561200104,0.112402060081901
1.70335870567386,-0.0104264445552535,0.0642331077939169,0.108149848865425,0.0911267973400249,0.0957000395274616,0.110976660156168
1.64981895467147,0.00473078498338539,0.0652978143601491,0.106751422991054,0.0908497070312471,0.0963532738093606,0.111050562685994
1.59679723135783,0.02278767206669,0.0671470819382121,0.105306247674738,0.0901004324776635,0.0951253673733673,0.111142161923039
1.55180736781878,0.048071641579839,0.0695893740699782,0.101682952009132,0.0897238955543233,0.0957031575520745,0.109857259114384
1.51358748046142,0.075041291315958,0.072996677362314,0.0951950195312334,0.0896733491443427,0.0941270159038101,0.109910814266913
1.47503874063925,0.104786203987128,0.0779919828869081,0.093388992745509,0.0901225353422513,0.0937383370534129,0.107957884579472
1.43731729896778,0.145373763967188,0.0822571335565028,0.0941873023623477,0.0905098191034501,0.0941046293710962,0.107390910993382
1.40014017641082,0.197864323992019,0.0868099376859925,0.0945990559898517,0.0907782063802022,0.0936115978421649,0.107694366164709
1.3648567644588,0.258858358063642,0.0910546665736563,0.0950672665549129,0.0906858561197666,0.0939997419083646,0.105910484095869
1.33071374056282,0.317465222228447,0.0952878976002199,0.0961870977492675,0.0907341494605503,0.0926584914434775,0.1059393926712
1.29542340756905,0.364136247248646,0.0952878976002199,0.0980226702008043,0.0913198242187363,0.0930603910900074,0.105075918433725
1.25761259170743,0.393542462863873,0.0989145182291878,0.101755396670464,0.0916282621838178,0.0913063151041736,0.103775220888968
1.21652037582146,0.412133015280761,0.0989512021021219,0.102706429036348,0.0918281552269249,0.0908951381138321,0.103469149925599
1.17470260002887,0.423737397403847,0.099267485118965,0.10355203450516,0.0919625999814167,0.0908951381138321,0.101820610119025
1.12966389312251,0.427416513173535,0.0989979887461245,0.104628231956829,0.0918389043898735,0.0906369605654748,0.101029745628518
1.07783245725637,0.426168304028568,0.0991425711493105,0.105857573009884,0.0915726678757522,0.0885718982514823,0.101397937592849
1.02309028458643,0.416130278422251,0.100684649367461,0.107437553478275,0.0912486839658042,0.0868514834449595,0.100255578031745
0.967663348419113,0.40168411458582,0.102597960844622,0.109982896205565,0.0912213867187748,0.0834724446614727,0.101458696056714
0.91693119699858,0.391896330886144,0.105320298549352,0.112331494140708,0.0914349283853966,0.0835079124813732,0.101458696056714
0.874646865836734,0.386640877654508,0.105623825800099,0.113773981584605,0.0908392973400176,0.0813520763578909,0.100121456473377
0.839882557044694,0.382299861625698,0.106335844494154,0.115025925409423,0.0904462100074478,0.0803023832775074,0.0995602887836302
0.80548937016825,0.38136796834957,0.106826620628662,0.115968680245193,0.0904189104352582,0.0797264136904543,0.100245119512561
0.765835673367532,0.384565538754228,0.107310446893366,0.116746542503732,0.0910380371093922,0.0777701427641328,0.0989124674482081
0.721010191857038,0.393699177116689,0.108982882254303,0.117367213076739,0.0915274158295718,0.0768474283854193,0.0985140438986672
0.673717796160801,0.411153761074272,0.108604985118819,0.117627897135337,0.0918863978794851,0.0745212727864688,0.0991303803941992
0.621136344354468,0.433508416710735,0.109525495256486,0.1177627348398,0.0920459867930909,0.0731752487909221,0.098238564918437
0.567574002527908,0.464875461407692,0.110511202566959,0.117960621279607,0.0916754999069727,0.0693568754650396,0.0993086356024104
